{"stats":{"minecraft:picked_up":{"minecraft:wooden_axe":1,"chococraft:loverly_gysahl_green":18,"mmorpg:currency/orb_of_quality":1,"minecraft:wheat":1,"securitycraft:keypad_item":1,"minecraft:flower_pot":2,"cte_essentials:plate_2_helmet":1,"minecraft:stone_slab":1,"minecraft:lead":9,"minecraft:oak_stairs":3,"minecraft:enchanted_book":16,"alexsmobs:gazelle_horn":5,"mmorpg:skill_gems/aura/dex":3,"minecraft:string":28,"mutantmonsters:mutant_skeleton_skull":2,"mmorpg:jewel/dex":1,"minecraft:sea_pickle":3,"minecraft:smooth_stone":53,"minecraft:cobbled_deepslate":37,"minecraft:gold_nugget":14,"alexsmobs:banana":2,"minecraft:bucket":1,"minecraft:iron_pickaxe":1,"minecraft:melon_slice":5,"mmorpg:gems/amethyst/0":2,"mmorpg:currency/socket_adder":1,"mmorpg:gems/emerald/0":1,"minecraft:stick":18,"minecraft:oak_fence":1,"minecraft:torch":28,"minecraft:porkchop":27,"mmorpg:jewelry/necklace/iron":2,"minecraft:vine":2,"cte_essentials:plate_0_leggings":2,"mutantmonsters:mutant_skeleton_pelvis":1,"cte_essentials:cloth_0_boots":4,"minecraft:stone_sword":2,"minecraft:rotten_flesh":148,"create:veridium":120,"mutantmonsters:mutant_skeleton_shoulder_pad":2,"minecraft:cobblestone":283,"mmorpg:rare_mats/fishing/medium":1,"minecraft:andesite":1,"stalwart_dungeons:wooden_hammer":1,"cte_essentials:leather_1_leggings":2,"minecraft:jungle_log":23,"cte_essentials:leather_1_helmet":1,"cte_essentials:leather_0_helmet":2,"mmorpg:gems/azurite/0":1,"minecraft:potato":3,"minecraft:flint":3,"minecraft:tuff":1,"minecraft:lapis_lazuli":179,"minecraft:dirt":1223,"cte_essentials:plate_1_boots":1,"securitycraft:reinforced_stone_button":10,"minecraft:bone":77,"farmersdelight:iron_knife":1,"mmorpg:material/meat/0":1,"minecraft:bow":5,"minecraft:wheat_seeds":21,"stalwart_dungeons:iron_hammer":4,"minecraft:raw_gold":40,"ftbquests:book":3,"minecraft:netherite_axe":1,"minecraft:glowstone_dust":1,"mmorpg:jewelry/ring/diamond":1,"minecraft:oak_planks":70,"mmorpg:offhand/tome/wood":1,"blue_skies:snowcap_pinhead":4,"cte_essentials:leather_0_boots":1,"securitycraft:reinforced_stone":44,"minecraft:acacia_stairs":2,"farmersdelight:ham":3,"minecraft:spectral_arrow":2,"farmersdelight:cooked_mutton_chops":8,"securitycraft:universal_block_remover":1,"minecraft:sugar":2,"minecraft:diamond":5,"minecraft:deepslate":3,"endersdelight:enderman_sight":2,"mmorpg:gems/ruby/0":2,"minecraft:writable_book":1,"minecraft:crossbow":3,"mmorpg:rare_mats/mining/lesser":2,"minecraft:rooted_dirt":1,"alexsmobs:maggot":1,"iceandfire:tide_trident":1,"minecraft:oak_sapling":22,"minecraft:fishing_rod":1,"minecraft:coarse_dirt":96,"minecraft:crafting_table":1,"minecraft:chicken":1,"mmorpg:weapon/staff/diamond":4,"mmorpg:jewelry/ring/iron":2,"minecraft:shield":2,"iceandfire:sea_serpent_scales_blue":1,"cte_essentials:cloth_0_leggings":3,"minecraft:iron_axe":3,"minecraft:wooden_sword":3,"minecraft:jungle_sapling":4,"minecraft:poppy":2,"minecraft:light_gray_wool":1,"minecraft:sugar_cane":2,"cte_essentials:plate_1_helmet":1,"minecraft:chest":14,"minecraft:phantom_membrane":5,"minecraft:egg":5,"minecraft:raw_iron":39,"sophisticatedbackpacks:backpack":2,"cte_essentials:leather_0_chestplate":3,"minecraft:trident":6,"mmorpg:skill_gems/support/int":4,"minecraft:redstone":79,"minecraft:arrow":79,"minecraft:hay_block":35,"mutantmonsters:mutant_skeleton_rib":5,"minecraft:pink_tulip":1,"minecraft:glow_berries":6,"minecraft:mutton":11,"minecraft:white_wool":7,"minecraft:jungle_boat":1,"minecraft:glow_ink_sac":7,"minecraft:leather":9,"doggytalents:rice_grains":20,"chococraft:chocobo_saddle":1,"minecraft:oak_log":86,"minecraft:yellow_bed":1,"securitycraft:keypad_chest":8,"minecraft:gunpowder":21,"farmersdelight:flint_knife":13,"mutantmonsters:mutant_skeleton_limb":8,"mmorpg:potion/resource/0":2,"minecraft:cooked_mutton":6,"chococraft:chocobo_feather":19,"chococraft:gysahl_green":209,"minecraft:apple":2,"chococraft:gold_gysahl":8,"minecraft:iron_ingot":64,"mmorpg:rare_mats/farming/lesser":1,"securitycraft:universal_block_reinforcer_lvl1":1,"minecraft:glass_bottle":1,"cte_essentials:leather_2_helmet":1,"lightmanscurrency:coin_iron":140,"minecraft:iron_sword":1,"minecraft:book":54,"minecraft:polished_andesite_stairs":1,"cte_essentials:plate_0_boots":1,"minecraft:dandelion":4,"minecraft:gravel":14,"mmorpg:stat_soul":16,"chococraft:gysahl_green_seeds":2,"minecraft:soul_torch":1,"mmorpg:weapon/staff/wood":12,"mmorpg:weapon/staff/iron":3,"minecraft:spider_eye":9,"lightmanscurrency:coin_copper":415,"mmorpg:offhand/dodge/wood":1,"minecraft:pumpkin_seeds":3,"minecraft:sculk_sensor":1,"minecraft:stone_axe":1,"chococraft:chocobo_whistle":3,"betterarcheology:growth_totem":3,"cte_essentials:leather_1_chestplate":1,"naturesaura:aura_bloom":1,"minecraft:acacia_slab":1,"mmorpg:offhand/dodge/iron":1,"minecraft:coal":14,"minecraft:ender_pearl":1},"minecraft:used":{"iceandfire:tide_trident":1,"minecraft:writable_book":2,"minecraft:iron_shovel":761,"minecraft:chest":13,"minecraft:shield":14,"minecraft:stone":44,"minecraft:iron_sword":200,"minecraft:sculk_sensor":2,"minecraft:mutton":3,"securitycraft:keypad_item":2,"minecraft:jungle_planks":26,"minecraft:lava_bucket":8,"minecraft:polished_andesite_stairs":1,"minecraft:bow":42,"minecraft:hay_block":1,"minecraft:sweet_berries":11,"minecraft:furnace":3,"minecraft:oak_sapling":6,"minecraft:egg":3,"minecraft:potato":13,"minecraft:jungle_boat":2,"minecraft:cookie":8,"minecraft:golden_apple":1,"securitycraft:universal_block_remover":52,"sophisticatedbackpacks:backpack":1,"minecraft:bread":4,"farmersdelight:ham":3,"minecraft:deepslate":1,"chococraft:gysahl_green":2,"minecraft:experience_bottle":4,"minecraft:trident":29,"securitycraft:keypad_chest":8,"create:veridium":17,"minecraft:wooden_shovel":62,"minecraft:torch":4,"minecraft:dirt":466,"farmersdelight:flint_knife":228,"cte_essentials:plate_0_boots":1,"securitycraft:reinforced_stone":1,"cte_essentials:plate_1_chestplate":3,"alexsmobs:maggot":1,"blue_skies:snowcap_pinhead":4,"minecraft:iron_axe":343,"minecraft:oak_stairs":1,"minecraft:rooted_dirt":1,"mutantmonsters:creeper_shard":1,"cte_essentials:plate_0_chestplate":3,"minecraft:golden_carrot":4,"alexsmobs:banana":1,"minecraft:cooked_beef":3,"minecraft:cobbled_deepslate":25,"farmersdelight:iron_knife":264,"minecraft:water_bucket":1,"minecraft:crafting_table":3,"naturesaura:aura_bloom":1,"minecraft:diamond_pickaxe":15,"minecraft:apple":4,"chococraft:gysahl_green_seeds":2,"minecraft:iron_pickaxe":435,"minecraft:map":1,"minecraft:netherite_axe":136,"stalwart_dungeons:stone_hammer":36,"minecraft:stone_axe":2,"minecraft:fishing_rod":13,"farmersdelight:cooked_bacon":1,"minecraft:cobblestone":23,"minecraft:potion":3,"minecraft:porkchop":10,"minecraft:cooked_porkchop":5,"betterarcheology:growth_totem":3,"minecraft:bucket":9,"minecraft:yellow_bed":1,"minecraft:sea_pickle":3,"minecraft:smooth_stone":3,"minecraft:soul_torch":1},"minecraft:killed_by":{"minecraft:creeper":1,"blue_skies:gatekeeper":1,"minecraft:zombie":2,"minecraft:player":1,"minecraft:spider":1,"minecraft:enderman":1,"monsterplus:glow_skeleton":1,"monsterplus:overgrown_skeleton":1,"minecraft:skeleton":1},"minecraft:broken":{"cte_essentials:cloth_0_boots":3,"minecraft:iron_shovel":3,"cte_essentials:leather_0_leggings":1,"cte_essentials:plate_2_helmet":1,"farmersdelight:flint_knife":1,"cte_essentials:plate_1_chestplate":1,"minecraft:iron_sword":1,"cte_essentials:leather_1_leggings":1,"cte_essentials:plate_0_chestplate":1,"cte_essentials:plate_1_boots":1,"cte_essentials:plate_0_leggings":1,"cte_essentials:plate_1_helmet":1,"minecraft:shield":1,"cte_essentials:leather_1_helmet":1,"minecraft:iron_pickaxe":1,"cte_essentials:leather_0_boots":1,"cte_essentials:plate_0_boots":1},"minecraft:mined":{"minecraft:jungle_leaves":3,"blue_skies:snowcap_pinhead":4,"minecraft:cave_vines_plant":1,"minecraft:grass_block":391,"minecraft:jungle_log":11,"minecraft:smooth_stone":3,"minecraft:iron_ore":37,"minecraft:cobbled_deepslate":1,"minecraft:deepslate_lapis_ore":31,"minecraft:cave_vines":1,"chococraft:gysahl_green":2,"minecraft:potted_dandelion":2,"iceandfire:gold_pile":1,"minecraft:oak_stairs":5,"create:veridium":76,"minecraft:deepslate_redstone_ore":17,"lootr:lootr_chest":5,"minecraft:blackstone":14,"minecraft:torch":3,"minecraft:chest":8,"minecraft:glass":2,"minecraft:oak_planks":1,"minecraft:light_gray_stained_glass":3,"minecraft:grass":44,"minecraft:oak_log":88,"minecraft:dirt":367,"minecraft:smooth_basalt":2,"minecraft:oak_leaves":38,"minecraft:deepslate":38,"create:zinc_ore":1,"minecraft:tuff":4,"minecraft:deepslate_diamond_ore":5,"minecraft:dark_oak_fence":1,"minecraft:acacia_slab":1,"minecraft:moss_block":1,"minecraft:rooted_dirt":1,"minecraft:hay_block":30,"minecraft:redstone_ore":2,"minecraft:acacia_stairs":2,"minecraft:andesite":13,"minecraft:bookshelf":18,"minecraft:deepslate_iron_ore":6,"minecraft:vine":11,"minecraft:stone":140,"sophisticatedbackpacks:backpack":1,"minecraft:acacia_leaves":1,"betterarcheology:growth_totem":3,"minecraft:oak_fence":1,"minecraft:stone_slab":1,"minecraft:tall_grass":4,"minecraft:lapis_ore":3,"minecraft:deepslate_gold_ore":37,"minecraft:coarse_dirt":82,"minecraft:sea_pickle":1,"minecraft:sweet_berry_bush":1,"minecraft:yellow_bed":1,"minecraft:coal_ore":12,"minecraft:gravel":17,"minecraft:cobweb":2,"minecraft:gold_ore":4,"minecraft:fern":2},"minecraft:killed":{"minecraft:witch":3,"minecraft:spider":31,"monsterplus:crystal_zombie":10,"minecraft:skeleton":60,"monsterplus:glow_skeleton":7,"minecraft:bee":2,"alexsmobs:leafcutter_ant":4,"minecraft:chicken":2,"minecraft:cat":1,"minecraft:pig":15,"minecraft:zombie_villager":1,"riskofrain_mobs:lemurian_entity":2,"minecraft:iron_golem":1,"mutantmonsters:mutant_skeleton":2,"minecraft:creeper":34,"minecraft:sheep":8,"minecraft:trader_llama":4,"minecraft:pillager":1,"minecraft:zombie":114,"alexsmobs:fly":1,"iceandfire:sea_serpent":1,"alexsmobs:raccoon":5,"minecraft:phantom":4,"aquaculture:arrau_turtle":1,"friendsandfoes:mauler":1,"blue_skies:gatekeeper":1,"mmorpg:zombie":19,"minecraft:drowned":5,"minecraft:bat":3,"minecraft:wandering_trader":1,"alexsmobs:gelada_monkey":1,"alexsmobs:gazelle":5,"monsterplus:overgrown_skeleton":11,"minecraft:enderman":4},"minecraft:crafted":{"minecraft:smooth_stone":14,"minecraft:oak_planks":90,"chococraft:chocobo_whistle":3,"minecraft:stone":64,"securitycraft:keypad_item":5,"minecraft:heavy_weighted_pressure_plate":5,"minecraft:cooked_mutton":8,"minecraft:chest":2,"minecraft:wooden_shovel":1,"minecraft:cooked_porkchop":15,"minecraft:crafting_table":2,"minecraft:jungle_boat":2,"securitycraft:reinforced_stone_button":42,"farmersdelight:beef_patty":6,"minecraft:iron_chestplate":1,"minecraft:diamond_pickaxe":1,"minecraft:stick":12,"minecraft:iron_ingot":24,"minecraft:iron_pickaxe":2,"minecraft:gold_ingot":9,"farmersdelight:cooked_bacon":12,"minecraft:furnace":3,"minecraft:stone_button":14,"minecraft:bone_meal":5,"minecraft:wheat":27,"minecraft:cooked_beef":7,"farmersdelight:cooked_mutton_chops":8,"minecraft:bread":23,"minecraft:air":419,"minecraft:jungle_planks":22,"minecraft:iron_shovel":4,"minecraft:iron_leggings":1},"minecraft:custom":{"minecraft:blood":0,"lootr:looted_stat":83,"minecraft:dexterity":12,"minecraft:animals_bred":4,"minecraft:interact_with_crafting_table":41,"minecraft:bell_ring":3,"minecraft:leave_game":7,"minecraft:time_since_death":76173,"minecraft:damage_resisted":0,"minecraft:sprint_one_cm":864374,"minecraft:damage_blocked_by_shield":170,"minecraft:drop":328,"minecraft:health":447,"minecraft:talked_to_villager":16,"minecraft:play_time":466641,"minecraft:deaths":10,"minecraft:jump":6426,"minecraft:energy":177,"minecraft:walk_on_water_one_cm":50408,"minecraft:interact_with_furnace":41,"minecraft:intelligence":8,"minecraft:sleep_in_bed":6,"minecraft:levels_gained":13,"minecraft:waystone_activated":1,"minecraft:damage_dealt":45073,"minecraft:crouch_one_cm":7273,"minecraft:mob_kills":371,"minecraft:damage_dealt_resisted":3,"minecraft:climb_one_cm":33846,"minecraft:mana":177,"minecraft:magic_shield":0,"minecraft:walk_one_cm":1363343,"minecraft:sneak_time":3595,"minecraft:walk_under_water_one_cm":31111,"minecraft:total_world_time":466641,"minecraft:move_speed":0,"minecraft:time_since_rest":32837,"minecraft:damage_taken":19126,"minecraft:damage_absorbed":2452,"minecraft:swim_one_cm":31793,"minecraft:fly_one_cm":1204691,"minecraft:open_chest":326,"minecraft:strength":16,"minecraft:fall_one_cm":182769},"minecraft:dropped":{"securitycraft:reinforced_stone_button":10,"cte_essentials:leather_1_chestplate":2,"farmersdelight:iron_knife":1,"minecraft:iron_sword":2,"minecraft:porkchop":8,"chococraft:loverly_gysahl_green":7,"minecraft:cooked_beef":1,"minecraft:oak_log":24,"lightmanscurrency:coin_copper":98,"minecraft:glow_ink_sac":7,"minecraft:diamond":2,"minecraft:glass_bottle":2,"minecraft:crossbow":3,"iceandfire:tide_trident":1,"minecraft:rooted_dirt":1,"minecraft:leather":9,"mutantmonsters:mutant_skeleton_shoulder_pad":1,"minecraft:flint":2,"minecraft:dirt":435,"minecraft:stone_button":14,"cte_essentials:leather_0_chestplate":4,"minecraft:writable_book":1,"minecraft:gold_nugget":2,"minecraft:wooden_sword":1,"minecraft:jungle_sapling":4,"farmersdelight:cooked_mutton_chops":8,"minecraft:iron_pickaxe":1,"minecraft:sugar":2,"minecraft:fishing_rod":2,"ftbquests:book":2,"minecraft:white_wool":3,"minecraft:bone":35,"cte_essentials:leather_2_helmet":1,"cte_essentials:leather_0_helmet":2,"cte_essentials:leather_2_leggings":1,"mmorpg:offhand/dodge/wood":2,"minecraft:sugar_cane":2,"alexsmobs:gazelle_horn":3,"minecraft:cobbled_deepslate":12,"minecraft:wheat":1,"minecraft:rotten_flesh":110,"minecraft:oak_planks":32,"minecraft:glowstone_dust":1,"minecraft:cooked_mutton":14,"minecraft:acacia_stairs":2,"securitycraft:keypad_item":4,"mmorpg:weapon/staff/diamond":4,"mmorpg:weapon/staff/iron":3,"minecraft:poppy":2,"minecraft:trident":10,"minecraft:gunpowder":20,"cte_essentials:cloth_0_helmet":1,"minecraft:jungle_log":1,"minecraft:chest":1,"doggytalents:rice_grains":19,"minecraft:arrow":1,"alexsmobs:banana":1,"cte_essentials:leather_0_boots":1,"minecraft:bread":2,"minecraft:iron_ingot":84,"mmorpg:stat_soul":1,"minecraft:vine":2,"mmorpg:jewel/dex":1,"minecraft:wheat_seeds":20,"mmorpg:offhand/dodge/iron":1,"mmorpg:skill_gems/support/dex":1,"minecraft:netherite_axe":1,"mmorpg:currency/chaos_orb":1,"minecraft:lead":2,"minecraft:cobblestone":66,"minecraft:spectral_arrow":1,"mmorpg:skill_gems/aura/int":1,"mmorpg:weapon/staff/wood":13,"mmorpg:skill_gems/support/int":3,"minecraft:coal":2,"minecraft:stick":8,"chococraft:chocobo_whistle":5,"mmorpg:potion/health/0":4,"cte_essentials:leather_1_leggings":1,"minecraft:torch":17,"minecraft:wooden_axe":1,"cte_essentials:plate_1_helmet":1,"minecraft:iron_axe":1,"minecraft:jungle_boat":1,"endersdelight:enderman_sight":2,"minecraft:smooth_stone":50,"minecraft:iron_shovel":1,"minecraft:string":28,"minecraft:dandelion":2,"minecraft:pink_tulip":1,"securitycraft:reinforced_stone":1,"mmorpg:rare_mats/fishing/medium":2,"minecraft:sweet_berries":6,"mmorpg:rare_mats/mining/lesser":2,"minecraft:coarse_dirt":96,"minecraft:stone_sword":1,"chococraft:chocobo_feather":5,"minecraft:deepslate":2,"minecraft:tuff":1,"minecraft:chicken":1,"minecraft:light_gray_wool":1,"blue_skies:moonstone_shard":3,"mmorpg:jewelry/necklace/iron":1,"mmorpg:potion/resource/0":2,"cte_essentials:cloth_1_chestplate":1,"minecraft:hay_block":2,"farmersdelight:flint_knife":4,"minecraft:shield":2,"create:veridium":52,"minecraft:bundle":1,"mutantmonsters:mutant_skeleton_limb":1,"mmorpg:offhand/tome/wood":3,"minecraft:andesite":1,"minecraft:oak_sapling":5,"minecraft:wooden_shovel":1,"minecraft:spider_eye":4,"cte_essentials:cloth_0_boots":3,"lightmanscurrency:coin_iron":17,"minecraft:bow":3,"mmorpg:jewelry/ring/iron":2,"minecraft:raw_gold":2,"stalwart_dungeons:wooden_hammer":1,"chococraft:gysahl_green":23,"mmorpg:skill_gems/aura/str":1,"cte_essentials:cloth_0_leggings":3}},"DataVersion":3465}