{"stats":{"minecraft:broken":{"minecraft:diamond_helmet":1,"cte_essentials:leather_0_leggings":1,"minecraft:iron_leggings":1,"cte_essentials:plate_2_helmet":1,"cte_essentials:plate_1_chestplate":2,"minecraft:iron_sword":1,"cte_essentials:plate_0_chestplate":3,"cte_essentials:cloth_1_helmet":1,"minecraft:stone_sword":1,"cte_essentials:plate_1_boots":1,"cte_essentials:plate_1_helmet":2,"minecraft:shield":2,"mmorpg:jewelry/ring/gold":1,"minecraft:iron_axe":1,"minecraft:iron_pickaxe":1,"cte_essentials:cloth_0_boots":3,"mutantmonsters:mutant_skeleton_skull":1,"minecraft:golden_helmet":2,"minecraft:iron_shovel":5,"farmersdelight:flint_knife":1,"cte_essentials:plate_1_leggings":1,"cte_essentials:leather_1_leggings":1,"cte_essentials:plate_0_leggings":2,"cte_essentials:leather_1_helmet":1,"minecraft:leather_boots":1,"cte_essentials:leather_0_boots":2,"cte_essentials:plate_0_boots":1},"minecraft:killed":{"iceandfire:gorgon":1,"minecraft:skeleton":140,"alexsmobs:orca":1,"monsterplus:glow_skeleton":16,"alexsmobs:leafcutter_ant":4,"minecraft:chicken":6,"minecraft:cat":2,"riskofrain_mobs:lemurian_entity":10,"stalwart_dungeons:giddy_blaze":36,"minecraft:iron_golem":1,"alexsmobs:seal":7,"mutantmonsters:mutant_skeleton":7,"minecraft:pillager":19,"minecraft:zombie":263,"mutantmonsters:mutant_creeper":2,"iceandfire:sea_serpent":1,"minecraft:cow":12,"chococraft:chocobo":5,"alexsmobs:raccoon":5,"minecraft:vindicator":11,"alexsmobs:seagull":2,"aquaculture:arrau_turtle":1,"stalwart_dungeons:nether_wart_cocoon":30,"mmorpg:zombie":29,"goblintraders:goblin_trader":1,"iceandfire:hippocampus":4,"minecraft:wandering_trader":2,"minecraft:polar_bear":1,"friendsandfoes:wildfire":1,"alexsmobs:gelada_monkey":2,"mutantmonsters:creeper_minion":6,"iceandfire:ice_dragon":3,"monsterplus:overgrown_skeleton":11,"minecraft:enderman":22,"minecraft:witch":3,"minecraft:spider":90,"monsterplus:crystal_zombie":33,"minecraft:bee":2,"aquaculture:perch":7,"minecraft:illusioner":1,"aquaculture:box_turtle":1,"minecraft:piglin":6,"minecraft:pig":22,"alexsmobs:grizzly_bear":1,"minecraft:zombie_villager":3,"minecraft:creeper":72,"alexsmobs:crimson_mosquito":4,"minecraft:sheep":25,"minecraft:trader_llama":5,"aquaculture:minnow":7,"minecraft:stray":1,"alexsmobs:fly":4,"monsterplus:lava_squid":1,"minecraft:blaze":1,"aquaculture:bluegill":1,"minecraft:slime":1,"minecraft:phantom":20,"friendsandfoes:mauler":1,"blue_skies:gatekeeper":1,"aquaculture:brown_trout":1,"minecraft:drowned":17,"realmrpg_wyrms:red_wyrm":1,"aquamirae:maw":1,"minecraft:bat":6,"minecraft:hoglin":4,"minecraft:squid":5,"alexsmobs:gazelle":5,"friendsandfoes:moobloom":1,"alexsmobs:crow":2,"minecraft:wither_skeleton":12,"minecraft:villager":1},"minecraft:picked_up":{"minecraft:wooden_axe":4,"mmorpg:gems/sapphire/0":1,"minecraft:flower_pot":2,"minecraft:anvil":2,"minecraft:lead":16,"minecraft:stone_slab":2,"minecraft:diamond_sword":6,"minecraft:oak_stairs":3,"minecraft:enchanted_book":16,"minecraft:string":96,"minecraft:red_nether_bricks":51,"mmorpg:jewel/dex":3,"minecraft:beetroot":4,"minecraft:diamond_leggings":1,"minecraft:gold_nugget":67,"minecraft:cobbled_deepslate":116,"mmorpg:gems/tourmaline/0":1,"minecraft:melon_slice":5,"mmorpg:gems/amethyst/0":3,"mmorpg:currency/socket_adder":1,"wstweaks:fragment":3,"mmorpg:runes/dos":2,"mmorpg:gems/opal/0":1,"minecraft:golden_helmet":3,"mmorpg:gems/emerald/0":4,"chococraft:chocobo_saddle_bags":1,"mmorpg:jewelry/necklace/iron":2,"cte_essentials:plate_0_leggings":2,"minecraft:golden_chestplate":1,"minecraft:green_terracotta":1,"minecraft:chiseled_nether_bricks":3,"mutantmonsters:mutant_skeleton_pelvis":6,"minecraft:stone_sword":3,"farmersdelight:onion":73,"create:ochrum":1,"supplementaries:quiver":1,"cte_essentials:cloth_1_leggings":1,"supplementaries:ash":24,"minecraft:blaze_rod":25,"minecraft:iron_bars":6,"minecraft:birch_log":10,"iceandfire:sapphire_gem":16,"minecraft:feather":6,"stalwart_dungeons:wooden_hammer":1,"minecraft:jungle_log":23,"cte_essentials:leather_1_helmet":2,"minecraft:brown_wool":1,"minecraft:flint":5,"farmersdelight:tomato":30,"cte_essentials:plate_1_boots":1,"mmorpg:gems/garnet/1":1,"securitycraft:reinforced_stone_button":10,"minecraft:chipped_anvil":2,"mmorpg:material/meat/0":5,"ftbquests:book":3,"minecraft:diamond_helmet":2,"minecraft:glowstone_dust":1,"mmorpg:skill_gems/support/str":3,"cte_essentials:plate_0_chestplate":1,"mmorpg:offhand/tome/wood":3,"blue_skies:snowcap_pinhead":4,"cte_essentials:leather_0_boots":1,"iceandfire:dragonscales_sapphire":16,"minecraft:lime_terracotta":1,"alexsmobs:falconry_glove":1,"iceandfire:shiny_scales":9,"mmorpg:rare_mats/mining/medium":2,"minecraft:ink_sac":1,"minecraft:acacia_stairs":2,"securitycraft:universal_block_remover":1,"mmorpg:gems/garnet/0":1,"stalwart_dungeons:spore_vaporizer":1,"mmorpg:rare_mats/mining/greater":1,"minecraft:deepslate":16,"stalwart_dungeons:stone_hammer":2,"mmorpg:gems/ruby/0":4,"minecraft:writable_book":1,"iceandfire:dragonegg_blue":1,"minecraft:granite":1,"mmorpg:rare_mats/mining/lesser":16,"mmorpg:stone/5":5,"minecraft:bread":3,"minecraft:rooted_dirt":1,"alexsmobs:maggot":5,"iceandfire:gorgon_head":1,"mmorpg:skill_gems/aura/int":7,"iceandfire:raw_silver":7,"minecraft:coarse_dirt":96,"minecraft:crafting_table":1,"mmorpg:stone/3":8,"iceandfire:witherbone":4,"minecraft:leather_leggings":2,"mmorpg:skill_gems/aura/str":4,"iceandfire:sea_serpent_scales_blue":1,"cte_essentials:cloth_0_leggings":4,"aquamirae:sharp_bones":1,"create:scorchia":22,"minecraft:iron_shovel":1,"minecraft:beef":41,"cte_essentials:cloth_0_helmet":1,"minecraft:jungle_sapling":4,"minecraft:poppy":2,"minecraft:chest":14,"minecraft:birch_sapling":1,"minecraft:egg":13,"mmorpg:skill_gems/support/dex":3,"farmersdelight:minced_beef":74,"minecraft:spruce_fence":3,"sophisticatedbackpacks:backpack":2,"minecraft:fire_charge":3,"minecolonies:blockhutfield":1,"minecraft:carrot":3,"cte_essentials:leather_0_chestplate":6,"mmorpg:skill_gems/support/int":14,"minecraft:redstone":444,"minecraft:blue_carpet":2,"iceandfire:dragon_skull_ice":3,"minecraft:tnt":3,"minecraft:diamond_chestplate":2,"aquaculture:brown_trout":1,"minecraft:diamond_boots":2,"minecraft:hay_block":46,"farmersdelight:hamburger":1,"minecraft:yellow_terracotta":2,"aquamirae:treasure_pouch":1,"mmorpg:currency/level_up_orb":2,"minecraft:gold_ingot":32,"minecraft:glow_berries":6,"minecraft:mutton":34,"minecraft:white_wool":18,"cte_essentials:cloth_2_leggings":1,"mmorpg:rare_mats/husbandry/lesser":1,"iceandfire:sea_serpent_fang":3,"minecraft:tripwire_hook":3,"doggytalents:rice_grains":26,"minecraft:oak_log":112,"farmersdelight:flint_knife":15,"mutantmonsters:mutant_skeleton_limb":50,"mmorpg:potion/resource/0":2,"chococraft:chocobo_feather":37,"chococraft:gysahl_green":267,"minecraft:apple":8,"minecraft:kelp":4,"mmorpg:rare_mats/farming/lesser":1,"aquaculture:box_turtle":1,"minecraft:glass_bottle":2,"lightmanscurrency:coin_iron":400,"minecraft:iron_sword":1,"minecraft:polished_andesite_stairs":1,"minecraft:smooth_basalt":34,"minecraft:milk_bucket":2,"cte_essentials:plate_0_boots":2,"minecraft:cracked_nether_bricks":2,"minecraft:gravel":39,"mmorpg:stat_soul":29,"minecraft:spruce_sapling":5,"minecraft:crying_obsidian":3,"mmorpg:weapon/staff/iron":5,"illagerinvasion:illusionary_dust":1,"lightmanscurrency:coin_copper":993,"mmorpg:offhand/dodge/wood":1,"minecraft:stone_axe":4,"betterarcheology:growth_totem":3,"lightmanscurrency:coin_gold":5,"mmorpg:stone/1":8,"iceandfire:ice_dragon_flesh":18,"cte_essentials:leather_1_chestplate":1,"minecraft:red_nether_brick_slab":1,"minecraft:melon_seeds":5,"minecraft:ender_pearl":15,"chococraft:loverly_gysahl_green":20,"mmorpg:currency/orb_of_quality":3,"minecraft:wheat":12,"securitycraft:keypad_item":1,"illagerinvasion:platinum_chunk":3,"minecraft:nether_brick_fence":1,"cte_essentials:plate_2_helmet":1,"minecraft:nether_brick":53,"cte_essentials:leather_2_chestplate":1,"alexsmobs:gazelle_horn":5,"mmorpg:skill_gems/aura/dex":5,"cte_essentials:cloth_1_helmet":2,"minecraft:raw_copper":230,"mutantmonsters:mutant_skeleton_skull":8,"minecraft:iron_leggings":1,"minecraft:sea_pickle":3,"cte_essentials:cloth_2_chestplate":1,"mmorpg:runes/net":1,"minecraft:smooth_stone":53,"alexsmobs:banana":2,"farmersdelight:cabbage":50,"minecraft:bucket":1,"minecolonies:blockhutfarmer":1,"minecraft:iron_pickaxe":1,"mmorpg:currency/chaos_orb":1,"mmorpg:runes/mos":1,"farmersdelight:cabbage_seeds":93,"minecraft:iron_boots":1,"minecraft:furnace":3,"minecraft:stick":41,"minecraft:oak_fence":1,"minecraft:torch":46,"minecraft:porkchop":40,"minecraft:vine":2,"cte_essentials:cloth_0_boots":4,"minecraft:rotten_flesh":326,"chococraft:blue_chocobo_spawn_egg":1,"supplementaries:antique_ink":2,"create:veridium":120,"chococraft:chocobo_drumstick_raw":5,"mutantmonsters:mutant_skeleton_shoulder_pad":12,"minecraft:obsidian":3,"minecraft:blaze_powder":1,"minecraft:cobblestone":356,"minecraft:nautilus_shell":1,"minecraft:enchanting_table":1,"minecraft:magma_cream":1,"mmorpg:rare_mats/fishing/medium":1,"minecraft:andesite":29,"cte_essentials:leather_1_leggings":2,"cte_essentials:leather_0_helmet":2,"minecraft:golden_leggings":2,"mmorpg:gems/azurite/0":1,"minecraft:potato":4,"alexsmobs:bear_fur":3,"minecraft:tuff":45,"create:raw_zinc":12,"cte_essentials:cloth_4_chestplate":1,"minecraft:lapis_lazuli":274,"minecraft:dirt":1496,"minecraft:bone":242,"farmersdelight:iron_knife":4,"minecraft:bow":11,"minecraft:wheat_seeds":48,"stalwart_dungeons:iron_hammer":4,"minecraft:raw_gold":52,"minecraft:netherite_axe":1,"friendsandfoes:wildfire_crown_fragment":4,"mmorpg:jewelry/ring/diamond":1,"minecraft:oak_planks":70,"minecraft:sand":17,"minecraft:nether_brick_stairs":1,"minecraft:dead_bush":1,"securitycraft:reinforced_stone":44,"farmersdelight:ham":3,"minecraft:spectral_arrow":10,"iceandfire:frozen_dirt":2,"farmersdelight:cooked_mutton_chops":8,"cte_essentials:stone_block_0":3,"minecraft:sugar":2,"minecraft:diamond":26,"minecraft:slime_block":4,"endersdelight:enderman_sight":2,"minecraft:soul_lantern":5,"minecraft:crossbow":9,"minecraft:emerald":48,"minecraft:netherrack":133,"iceandfire:tide_trident":1,"minecraft:oak_sapling":35,"minecraft:chorus_fruit":5,"iceandfire:silver_nugget":8,"nethersdelight:hoglin_loin":4,"minecraft:fishing_rod":1,"mmorpg:stone/2":4,"minecraft:splash_potion":1,"minecraft:chicken":6,"minecraft:ladder":3,"nethersdelight:propelpearl":3,"minecraft:brown_mushroom":2,"mmorpg:weapon/staff/diamond":10,"mmorpg:jewelry/ring/iron":4,"iceandfire:frozen_cobblestone":10,"minecraft:chain":1,"minecraft:shield":4,"iceandfire:frozen_stone":35,"minecraft:iron_axe":11,"minecraft:wooden_sword":4,"minecraft:blackstone":30,"minecraft:blue_orchid":1,"mcwlights:iron_wall_candle_holder":4,"mmorpg:stone/4":5,"mmorpg:stone/0":56,"minecraft:light_gray_wool":1,"minecraft:sugar_cane":60,"cte_essentials:plate_1_helmet":1,"minecraft:phantom_membrane":16,"iceandfire:ice_dragon_heart":2,"minecraft:raw_iron":81,"iceandfire:dragonbone":20,"mcwlights:iron_small_chandelier":1,"minecraft:copper_ingot":1,"aquaculture:perch":7,"mmorpg:currency/affix_tier_up_down":1,"minecraft:trident":12,"mmorpg:runes/nos":4,"minecraft:dark_oak_planks":2,"supplementaries:sign_post_oak":2,"minecraft:purple_candle":3,"minecraft:arrow":191,"iceandfire:summoning_crystal_ice":1,"mmorpg:jewelry/necklace/diamond":2,"minecraft:nether_bricks":45,"mutantmonsters:mutant_skeleton_rib":27,"minecraft:pink_tulip":1,"minecraft:jungle_boat":1,"minecraft:air":0,"minecraft:glow_ink_sac":18,"minecraft:salmon":2,"minecraft:leather":41,"minecraft:music_disc_stal":2,"minecraft:ice":1,"minecraft:crimson_fungus":2,"chococraft:chocobo_saddle":1,"minecraft:yellow_bed":1,"securitycraft:keypad_chest":8,"minecraft:gunpowder":59,"cte_essentials:leather_1_boots":1,"minecraft:cooked_mutton":8,"chococraft:gold_gysahl":8,"iceandfire:dragon_stick":2,"mmorpg:rare_mats/farming/medium":1,"minecraft:iron_ingot":96,"securitycraft:universal_block_reinforcer_lvl1":1,"aquaculture:minnow":6,"cte_essentials:leather_2_helmet":1,"minecraft:soul_sand":7,"stalwart_dungeons:transient_block_close":24,"minecraft:book":186,"minecraft:quartz":65,"minecraft:dandelion":5,"minecraft:soul_torch":4,"chococraft:gysahl_green_seeds":2,"minecraft:blast_furnace":2,"mimi:organ5":2,"mmorpg:weapon/staff/wood":13,"minecraft:nether_brick_slab":3,"minecraft:spider_eye":50,"minecraft:pumpkin_seeds":3,"minecraft:sculk_sensor":1,"chococraft:chocobo_whistle":3,"naturesaura:aura_bloom":1,"minecraft:acacia_slab":2,"minecraft:damaged_anvil":1,"mmorpg:gems/amethyst/1":3,"mmorpg:offhand/dodge/iron":1,"minecraft:coal":75},"minecraft:killed_by":{"blue_skies:gatekeeper":1,"minecraft:zombie":3,"stalwart_dungeons:giddy_blaze":3,"mutantmonsters:mutant_skeleton":1,"minecraft:wither_skeleton":1,"minecraft:creeper":6,"iceandfire:ice_dragon":1,"mutantmonsters:creeper_minion":1,"minecraft:player":3,"minecraft:spider":1,"aquamirae:maw":1,"minecraft:enderman":2,"monsterplus:glow_skeleton":1,"monsterplus:overgrown_skeleton":1,"minecraft:skeleton":2},"minecraft:dropped":{"cte_essentials:leather_1_chestplate":2,"farmersdelight:hamburger":15,"farmersdelight:iron_knife":3,"iceandfire:raw_silver":2,"minecraft:iron_sword":3,"mmorpg:currency/level_up_orb":1,"minecraft:porkchop":8,"chococraft:loverly_gysahl_green":7,"mmorpg:stone/0":22,"mmorpg:skill_gems/support/str":2,"minecraft:cooked_beef":17,"minecraft:glow_ink_sac":7,"minecraft:chorus_fruit":4,"minecraft:glass_bottle":4,"minecraft:diamond":34,"minecraft:crossbow":7,"farmersdelight:cooked_bacon":1,"iceandfire:frozen_dirt":2,"minecraft:rooted_dirt":1,"mutantmonsters:mutant_skeleton_shoulder_pad":1,"minecraft:emerald":86,"minecraft:dirt":547,"minecraft:stone_button":14,"create:scorchia":7,"cte_essentials:leather_0_chestplate":7,"blue_skies:cooked_grittle_flatfish":1,"farmersdelight:cooked_mutton_chops":8,"minecraft:writable_book":1,"minecraft:jungle_sapling":4,"minecraft:chain":1,"minecraft:gold_nugget":4,"minecraft:wooden_sword":2,"minecraft:phantom_membrane":3,"minecraft:sand":17,"minecraft:iron_pickaxe":1,"minecraft:sugar":2,"minecraft:white_wool":6,"minecraft:fishing_rod":2,"minecraft:music_disc_stal":1,"cte_essentials:plate_0_helmet":1,"minecraft:bone":100,"cte_essentials:leather_2_leggings":1,"cte_essentials:leather_0_helmet":2,"minecraft:stone_axe":2,"mmorpg:offhand/dodge/wood":2,"minecraft:sugar_cane":2,"cte_essentials:cloth_2_leggings":2,"alexsmobs:gazelle_horn":3,"minecraft:golden_chestplate":1,"minecraft:cobbled_deepslate":19,"minecraft:netherite_sword":1,"minecraft:wheat":42,"mmorpg:jewelry/necklace/diamond":2,"minecraft:rotten_flesh":210,"minecraft:oak_planks":33,"minecraft:glowstone_dust":1,"minecraft:nether_brick_fence":1,"securitycraft:keypad_item":4,"cte_essentials:plate_5_helmet":1,"minecraft:eye_armor_trim_smithing_template":2,"iceandfire:shiny_scales":7,"mmorpg:weapon/staff/iron":5,"cte_essentials:cloth_0_helmet":2,"minecraft:jungle_log":1,"minecraft:leather_leggings":2,"aquamirae:sharp_bones":1,"cte_essentials:leather_0_boots":1,"minecraft:egg":2,"minecraft:enchanted_book":3,"cte_essentials:cloth_2_chestplate":1,"minecraft:iron_ingot":84,"mmorpg:stat_soul":14,"mmorpg:jewel/dex":1,"minecraft:wheat_seeds":38,"minecraft:black_dye":22,"mmorpg:offhand/dodge/iron":1,"mmorpg:currency/chaos_orb":2,"mmorpg:runes/ita":1,"minecraft:cobblestone":72,"minecraft:iron_helmet":1,"minecraft:book":25,"iceandfire:dragon_stick":1,"minecraft:granite":1,"mmorpg:skill_gems/aura/dex":1,"minecraft:purple_dye":29,"mmorpg:skill_gems/support/int":15,"minecraft:coal":11,"chococraft:chocobo_whistle":5,"minecraft:ink_sac":1,"minecraft:wooden_axe":3,"cte_essentials:plate_1_helmet":1,"minecraft:diamond_helmet":4,"minecraft:potion":1,"minecraft:jungle_boat":1,"endersdelight:enderman_sight":2,"aquamirae:sea_stew":1,"minecraft:smooth_stone":50,"minecraft:iron_shovel":2,"minecraft:string":59,"minecraft:blue_carpet":2,"minecraft:spruce_sapling":5,"minecraft:pink_tulip":1,"iceandfire:frozen_cobblestone":1,"aquamirae:music_disc_horizon":1,"securitycraft:reinforced_stone":1,"iceandfire:silver_nugget":8,"minecraft:furnace":5,"minecraft:stone_sword":2,"minecraft:deepslate":14,"minecraft:chicken":1,"mmorpg:gems/topaz/1":1,"mmorpg:rare_mats/husbandry/lesser":1,"minecraft:spruce_fence":1,"mmorpg:potion/resource/0":18,"lightmanscurrency:coin_gold":1,"cte_essentials:cloth_1_chestplate":1,"minecraft:diamond_sword":1,"supplementaries:quiver":1,"minecraft:hay_block":2,"minecraft:potato":1,"minecraft:bundle":1,"mutantmonsters:mutant_skeleton_limb":14,"mmorpg:offhand/tome/wood":5,"mmorpg:currency/affix_tier_up_down":1,"minecraft:wooden_shovel":1,"minecraft:spider_eye":18,"cte_essentials:cloth_0_boots":3,"minecraft:blue_orchid":1,"lightmanscurrency:coin_iron":17,"minecraft:bow":8,"mutantmonsters:mutant_skeleton_rib":6,"mutantmonsters:mutant_skeleton_skull":2,"cte_essentials:cloth_0_leggings":4,"securitycraft:reinforced_stone_button":10,"minecraft:brown_mushroom":2,"minecraft:oak_log":24,"lightmanscurrency:coin_copper":226,"minecraft:leather":12,"iceandfire:tide_trident":1,"iceandfire:gorgon_head":1,"minecraft:flint":3,"cte_essentials:cloth_1_leggings":1,"minecraft:coast_armor_trim_smithing_template":2,"mmorpg:material/meat/0":1,"minecraft:pumpkin_pie":1,"aquaculture:box_turtle":1,"ftbquests:book":2,"minecraft:gold_ingot":50,"cte_essentials:leather_2_helmet":1,"minecraft:gravel":13,"minecraft:blackstone":1,"mutantmonsters:mutant_skeleton_pelvis":2,"minecraft:beetroot":4,"iceandfire:frozen_stone":6,"cte_essentials:plate_0_chestplate":1,"cte_essentials:cloth_4_chestplate":1,"minecraft:cooked_mutton":14,"minecraft:acacia_stairs":2,"mmorpg:weapon/staff/diamond":11,"minecraft:carrot":3,"minecraft:poppy":2,"minecraft:leather_chestplate":1,"supplementaries:ash":16,"iceandfire:armor_silver_metal_boots":2,"minecraft:trident":16,"minecraft:gunpowder":48,"aquamirae:esca":6,"minecraft:melon_seeds":5,"cte_essentials:cloth_5_helmet":1,"minecraft:chest":1,"minecraft:acacia_slab":1,"doggytalents:rice_grains":23,"minecraft:iron_bars":6,"minecraft:arrow":15,"alexsmobs:banana":1,"cte_essentials:plate_2_chestplate":1,"minecraft:bread":2,"minecraft:vine":2,"minecraft:golden_helmet":2,"mmorpg:skill_gems/support/dex":2,"minecraft:diamond_leggings":2,"minecraft:netherite_axe":1,"minecraft:lead":4,"minecraft:spectral_arrow":1,"mmorpg:skill_gems/aura/int":7,"mmorpg:jewel/int":1,"minecraft:copper_ingot":1,"mmorpg:weapon/staff/wood":14,"minecraft:stick":16,"mmorpg:potion/health/0":4,"cte_essentials:leather_1_leggings":1,"minecraft:torch":18,"minecraft:brown_wool":1,"minecraft:iron_leggings":2,"minecraft:iron_axe":10,"stalwart_dungeons:stone_hammer":1,"minecraft:tripwire_hook":3,"minecraft:dandelion":3,"cte_essentials:leather_1_helmet":1,"minecraft:nether_brick_slab":2,"nethersdelight:hoglin_sirloin":2,"mmorpg:rare_mats/fishing/medium":2,"minecraft:kelp":4,"minecraft:sweet_berries":6,"alexsmobs:maggot":3,"mmorpg:rare_mats/mining/lesser":2,"minecraft:coarse_dirt":96,"minecraft:raw_copper":55,"chococraft:chocobo_feather":15,"minecraft:tuff":25,"farmersdelight:cabbage_seeds":2,"minecraft:light_gray_wool":1,"blue_skies:moonstone_shard":3,"alexsmobs:falconry_glove":2,"mmorpg:jewelry/necklace/iron":3,"cte_essentials:cloth_1_helmet":2,"minecraft:flint_and_steel":1,"mmorpg:currency/orb_of_quality":3,"minecraft:shield":3,"farmersdelight:flint_knife":6,"mmorpg:gems/ruby/0":1,"create:veridium":52,"minecraft:diamond_chestplate":4,"minecraft:iron_chestplate":1,"minecraft:andesite":17,"minecraft:golden_leggings":2,"minecraft:oak_sapling":12,"minecraft:diamond_boots":3,"mmorpg:jewelry/ring/iron":4,"minecraft:raw_gold":2,"minecraft:nautilus_shell":1,"stalwart_dungeons:wooden_hammer":1,"chococraft:gysahl_green":100,"mmorpg:skill_gems/aura/str":4},"minecraft:crafted":{"minecraft:smooth_stone":14,"chococraft:chocobo_whistle":3,"securitycraft:keypad_item":5,"minecraft:bookshelf":38,"minecraft:cooked_mutton":26,"mmorpg:material/mining/0":1,"minecraft:diamond_leggings":2,"structurize:sceptergold":2,"minecraft:wooden_shovel":1,"minecraft:cooked_porkchop":18,"minecraft:jungle_boat":2,"securitycraft:reinforced_stone_button":42,"minecraft:smithing_table":1,"farmersdelight:beef_patty":80,"alexsmobs:falconry_glove":1,"minecraft:iron_pickaxe":2,"minecraft:gold_ingot":9,"farmersdelight:cooked_bacon":12,"iceandfire:armor_sapphire_boots":1,"minecraft:bone_meal":26,"minecraft:wheat":46,"minecolonies:blockhuttownhall":1,"farmersdelight:hamburger":27,"farmersdelight:cooked_mutton_chops":8,"minecraft:enchanting_table":1,"sophisticatedbackpacks:gold_backpack":1,"minecraft:iron_shovel":6,"minecraft:iron_leggings":1,"mmorpg:offhand/dodge/iron":1,"minecraft:oak_planks":154,"minecraft:stone":64,"minecraft:heavy_weighted_pressure_plate":5,"nethersdelight:hoglin_sirloin":3,"minecraft:chest":2,"mmorpg:weapon/staff/diamond":2,"minecraft:crafting_table":2,"farmersdelight:cutting_board":1,"minecraft:book":1,"minecraft:iron_chestplate":1,"minecraft:paper":3,"minecraft:diamond_pickaxe":1,"minecraft:shield":1,"sophisticatedbackpacks:diamond_backpack":2,"minecraft:stick":32,"minecraft:iron_ingot":24,"mmorpg:gear_crafting_station":1,"minecraft:furnace":3,"minecraft:stone_button":14,"minecraft:flint_and_steel":1,"sophisticatedbackpacks:iron_backpack":1,"minecraft:cooked_beef":7,"minecraft:diamond_sword":1,"minecraft:bread":23,"minecraft:air":765,"minecraft:jungle_planks":22,"minecraft:diamond_chestplate":2},"minecraft:mined":{"minecraft:red_nether_brick_slab":1,"minecraft:blue_carpet":1,"mcwlights:iron_wall_candle_holder":4,"minecraft:jungle_leaves":3,"minecraft:red_nether_bricks":66,"minecraft:obsidian":3,"minecraft:potted_dead_bush":1,"minecraft:granite":1,"minecraft:jungle_log":11,"minecraft:crimson_fungus":2,"minecraft:spawner":7,"minecraft:magma_block":6,"supplementaries:sign_post":2,"minecraft:fire":20,"minecraft:cobbled_deepslate":8,"minecraft:deepslate_lapis_ore":33,"minecraft:enchanting_table":1,"minecraft:potted_dandelion":2,"minecraft:cave_vines":1,"iceandfire:gold_pile":1,"minecraft:oak_stairs":5,"minecraft:blue_orchid":1,"create:veridium":76,"minecraft:soul_wall_torch":3,"minecraft:crimson_nylium":3,"minecraft:soul_fire":1,"minecraft:powder_snow":4,"minecraft:torch":12,"minecraft:white_stained_glass_pane":2,"minecraft:nether_brick_slab":4,"iceandfire:sapphire_ore":19,"farmersdelight:cabbages":2,"minecraft:glass":2,"minecraft:sugar_cane":51,"minecraft:chain":5,"minecraft:light_gray_stained_glass":3,"mutantmonsters:mutant_skeleton_skull":1,"minecraft:grass":147,"minecolonies:blockhutfield":1,"minecraft:smooth_basalt":47,"minecraft:deepslate":98,"create:zinc_ore":10,"minecraft:yellow_terracotta":3,"minecraft:light_blue_stained_glass_pane":2,"iceandfire:silver_ore":7,"minecraft:nether_brick_wall":1,"minecraft:purple_candle":1,"minecraft:nether_bricks":50,"minecraft:dark_oak_fence":1,"minecraft:spruce_fence":1,"minecraft:moss_block":1,"minecraft:redstone_ore":10,"minecraft:green_terracotta":1,"minecraft:andesite":54,"mcwlights:iron_small_chandelier":1,"minecraft:vine":11,"minecraft:chiseled_nether_bricks":4,"betterarcheology:growth_totem":3,"minecraft:emerald_ore":5,"minecraft:copper_ore":67,"minecraft:tall_grass":15,"minecraft:deepslate_gold_ore":41,"minecraft:coarse_dirt":82,"minecraft:birch_leaves":7,"iceandfire:silver_pile":1,"minecraft:gravel":40,"minecraft:cobweb":6,"minecraft:chipped_anvil":1,"minecraft:gold_ore":11,"minecraft:fern":3,"stalwart_dungeons:spore_vaporizer":1,"create:deepslate_zinc_ore":4,"minecraft:oak_sapling":2,"blue_skies:snowcap_pinhead":4,"minecraft:cave_vines_plant":1,"minecraft:grass_block":662,"minecolonies:blockhutfarmer":1,"minecraft:smooth_stone":3,"minecraft:red_nether_brick_stairs":2,"minecraft:iron_ore":61,"minecraft:anvil":2,"chococraft:gysahl_green":2,"mimi:organ5":1,"minecraft:iron_bars":8,"minecraft:deepslate_redstone_ore":94,"lootr:lootr_chest":5,"minecraft:blackstone":32,"stalwart_dungeons:transient_block_close":27,"minecraft:soul_lantern":3,"iceandfire:dragon_ice_spikes":42,"minecraft:chest":8,"iceandfire:frozen_dirt":2,"minecraft:nether_quartz_ore":60,"minecraft:slime_block":4,"minecraft:oak_planks":1,"minecraft:wall_torch":1,"minecraft:deepslate_copper_ore":10,"minecraft:birch_log":10,"minecraft:blue_ice":13,"minecraft:tnt":3,"minecraft:oak_log":115,"minecraft:lime_terracotta":1,"minecraft:dirt":534,"minecraft:tripwire_hook":1,"minecraft:netherrack":188,"minecraft:oak_leaves":52,"minecraft:nether_gold_ore":15,"minecraft:diamond_ore":4,"minecraft:crying_obsidian":3,"minecraft:tuff":29,"minecraft:deepslate_diamond_ore":23,"iceandfire:frozen_cobblestone":13,"minecraft:glow_lichen":1,"iceandfire:frozen_stone":40,"create:ochrum":1,"minecraft:spruce_leaves":6,"minecraft:acacia_slab":2,"minecraft:cracked_nether_bricks":5,"minecraft:rooted_dirt":1,"minecraft:large_fern":1,"minecraft:hay_block":42,"minecraft:acacia_stairs":2,"create:scorchia":15,"minecraft:nether_brick_fence":1,"minecraft:bookshelf":62,"minecraft:deepslate_iron_ore":25,"minecraft:packed_ice":151,"minecraft:stone":226,"sophisticatedbackpacks:backpack":1,"minecraft:acacia_leaves":1,"minecraft:basalt":8,"minecraft:oak_fence":2,"minecraft:sculk_sensor":2,"minecraft:stone_slab":2,"minecraft:lapis_ore":11,"supplementaries:urn":7,"minecraft:sea_pickle":1,"minecraft:redstone_torch":2,"minecraft:sweet_berry_bush":1,"minecraft:ice":80,"minecraft:bee_nest":1,"minecraft:yellow_bed":1,"minecraft:coal_ore":62},"minecraft:used":{"minecraft:writable_book":2,"iceandfire:dragon_skull_ice":1,"farmersdelight:cabbage_seeds":2,"minecraft:chest":13,"minecraft:stone":44,"lootr:trophy":1,"securitycraft:keypad_item":2,"minecraft:lava_bucket":8,"minecraft:polished_andesite_stairs":1,"minecraft:music_disc_stal":1,"minecraft:bow":108,"minecraft:sweet_berries":11,"minecraft:furnace":3,"minecraft:oak_sapling":12,"minecraft:egg":7,"iceandfire:frozen_cobblestone":9,"minecraft:potato":13,"farmersdelight:hamburger":3,"minecraft:damaged_anvil":1,"minecraft:chorus_fruit":1,"minecraft:blackstone":3,"minecraft:jungle_boat":2,"minecraft:cookie":8,"minecraft:golden_apple":3,"minecraft:blast_furnace":1,"securitycraft:universal_block_remover":52,"mutantmonsters:mutant_skeleton_skull":1,"minecraft:diamond_ore":1,"minecraft:soul_lantern":5,"minecraft:diamond_sword":935,"minecraft:smithing_table":1,"minecraft:ice":1,"minecraft:enchanting_table":2,"minecraft:stone_sword":130,"mmorpg:gear_crafting_station":1,"create:veridium":17,"mimi:organ5":2,"mcwlights:iron_chandelier":1,"minecraft:netherrack":29,"minecraft:torch":13,"create:ochrum":1,"minecraft:anvil":2,"farmersdelight:flint_knife":228,"cte_essentials:plate_0_boots":1,"farmersdelight:beef_patty":2,"minecraft:chipped_anvil":1,"minecraft:iron_axe":488,"minecraft:rooted_dirt":1,"mutantmonsters:creeper_shard":1,"minecraft:smooth_basalt":34,"minecraft:diamond_chestplate":1,"minecraft:cobbled_deepslate":97,"farmersdelight:iron_knife":396,"minecraft:water_bucket":1,"cte_essentials:plate_1_helmet":1,"minecraft:tnt":3,"minecraft:crafting_table":3,"naturesaura:aura_bloom":1,"minecraft:diamond_pickaxe":1514,"chococraft:gysahl_green_seeds":2,"minecraft:iron_pickaxe":435,"stalwart_dungeons:stone_hammer":36,"farmersdelight:cooked_bacon":7,"minecraft:cobblestone":36,"minecraft:potion":4,"minecraft:porkchop":10,"minecraft:cooked_porkchop":8,"minecraft:diamond_leggings":4,"structurize:sceptergold":2,"iceandfire:tide_trident":1,"minecraft:purple_candle":3,"cte_essentials:cloth_0_leggings":3,"minecraft:iron_shovel":1212,"minecraft:shield":14,"minecraft:iron_sword":812,"minecraft:sculk_sensor":2,"minecraft:mutton":3,"minecraft:jungle_planks":26,"minecraft:nether_bricks":8,"iceandfire:frozen_stone":29,"iceandfire:dragonegg_blue":1,"minecraft:tuff":20,"mcwlights:iron_wall_candle_holder":4,"farmersdelight:tomato":3,"minecraft:item_frame":2,"farmersdelight:cutting_board":1,"minecraft:hay_block":1,"supplementaries:sign_post_oak":2,"minecraft:sugar_cane":55,"sophisticatedbackpacks:backpack":1,"minecraft:bread":12,"minecraft:deepslate":2,"farmersdelight:ham":3,"nethersdelight:hoglin_sirloin":1,"minecraft:golden_helmet":1,"minecraft:andesite":12,"chococraft:gysahl_green":2,"chococraft:blue_chocobo_spawn_egg":1,"minecraft:bone_meal":1,"minecraft:experience_bottle":4,"minecraft:trident":31,"minecraft:flint_and_steel":62,"securitycraft:keypad_chest":8,"minecraft:wooden_shovel":62,"gateways:gate_pearl":1,"minecraft:dirt":620,"minecraft:diamond_helmet":1,"securitycraft:reinforced_stone":1,"cte_essentials:plate_1_chestplate":3,"minecraft:spruce_fence":2,"minecraft:dark_oak_planks":2,"alexsmobs:maggot":2,"minecraft:bookshelf":38,"blue_skies:snowcap_pinhead":4,"minecraft:oak_stairs":1,"cte_essentials:plate_0_chestplate":3,"minecraft:golden_carrot":4,"alexsmobs:banana":1,"farmersdelight:cooked_mutton_chops":2,"minecraft:cooked_beef":3,"minecraft:cooked_mutton":11,"minecraft:glow_item_frame":3,"cte_essentials:cloth_2_leggings":1,"minecraft:apple":5,"minecraft:netherite_axe":136,"minecraft:map":1,"minecraft:stone_slab":1,"minecraft:stone_axe":2,"minecraft:fishing_rod":13,"minecraft:white_banner":2,"betterarcheology:growth_totem":3,"minecraft:bucket":9,"minecraft:yellow_bed":1,"minecraft:sea_pickle":3,"minecraft:splash_potion":1,"minecraft:smooth_stone":3,"minecraft:soul_torch":1},"minecraft:custom":{"minecraft:dexterity":21,"minecraft:interact_with_crafting_table":101,"minecraft:open_barrel":3,"minecraft:bell_ring":4,"minecraft:leave_game":17,"minecraft:time_since_death":3417,"minecraft:damage_blocked_by_shield":170,"minecraft:play_time":1209991,"minecraft:deaths":32,"minecraft:jump":13010,"minecraft:enchant_item":6,"minecraft:interact_with_furnace":87,"minecraft:intelligence":22,"minecraft:play_record":1,"minecraft:sleep_in_bed":7,"minecraft:waystone_activated":2,"minecraft:damage_dealt":161764,"minecraft:interact_with_smoker":21,"minecraft:inspect_dispenser":3,"minecraft:interact_with_smithing_table":11,"minecraft:interact_with_anvil":17,"minecraft:mana":256,"minecraft:magic_shield":44,"minecraft:sneak_time":7996,"minecraft:interact_with_lectern":1,"minecraft:interact_with_blast_furnace":6,"minecraft:total_world_time":1209991,"minecraft:move_speed":0,"minecraft:time_since_rest":3446,"minecraft:swim_one_cm":110695,"minecraft:fly_one_cm":2541272,"minecraft:open_chest":853,"minecraft:fall_one_cm":438911,"minecraft:blood":0,"lootr:looted_stat":323,"minecraft:animals_bred":27,"minecraft:damage_resisted":221,"minecraft:sprint_one_cm":1756714,"minecraft:drop":814,"minecraft:health":612,"minecraft:talked_to_villager":24,"minecraft:energy":248,"minecraft:walk_on_water_one_cm":120708,"minecraft:levels_gained":20,"minecraft:player_kills":2,"minecraft:crouch_one_cm":17448,"minecraft:mob_kills":1057,"minecraft:damage_dealt_resisted":199,"minecraft:climb_one_cm":41357,"minecraft:walk_one_cm":3034123,"gateways:gates_defeated":1,"minecraft:walk_under_water_one_cm":107093,"minecraft:interact_with_grindstone":1,"minecraft:damage_taken":54964,"minecraft:damage_absorbed":6865,"minecraft:strength":24}},"DataVersion":3465}