{"stats":{"minecraft:broken":{"minecraft:iron_shovel":12,"cte_essentials:cloth_1_leggings":1,"minecraft:stone_pickaxe":1,"minecraft:iron_pickaxe":4,"cte_essentials:leather_2_chestplate":1,"cte_essentials:leather_0_boots":1,"cte_essentials:cloth_1_helmet":1},"minecraft:killed_by":{"mutantmonsters:mutant_creeper":1,"monsterplus:overgrown_skeleton":1,"iceandfire:ice_dragon":1,"minecraft:zombie":3,"iceandfire:fire_dragon":1},"minecraft:dropped":{"minecraft:enchanted_book":3,"cte_essentials:leather_0_boots":1,"farmersdelight:iron_knife":1,"mmorpg:stat_soul":1,"mmorpg:jewel/dex":1,"minecraft:vine":4,"mmorpg:jewel/str":1,"chococraft:loverly_gysahl_green":2,"minecraft:wheat_seeds":35,"lightmanscurrency:coin_copper":9,"chococraft:gold_gysahl":1,"mmorpg:skill_gems/support/dex":1,"minecraft:cobblestone":1,"minecraft:crossbow":1,"minecraft:glow_berries":2,"mmorpg:skill_gems/aura/dex":1,"mmorpg:skill_gems/support/int":2,"minecraft:coal":256,"chococraft:chocobo_whistle":1,"mmorpg:weapon/staff/wood":3,"minecraft:dirt":35,"minecraft:torch":5,"minecraft:cornflower":2,"minecraft:wooden_axe":2,"minecraft:melon_slice":5,"cte_essentials:leather_0_chestplate":1,"minecraft:wooden_sword":7,"minecraft:gold_nugget":2,"minecraft:writable_book":2,"iceandfire:ice_dragon_heart":1,"blue_skies:snowcap_pinhead":1,"endersdelight:enderman_sight":1,"minecraft:smooth_stone":11,"minecraft:string":8,"minecraft:fishing_rod":1,"minecraft:bucket":1,"iceandfire:dragonbone":1,"securitycraft:reinforced_stone":1,"minecraft:gravel":7,"minecraft:golden_chestplate":1,"minecraft:stone_sword":3,"mmorpg:gems/sapphire/0":2,"minecraft:chicken":1,"minecraft:rotten_flesh":22,"mmorpg:material/mining/0":1,"mmorpg:weapon/staff/diamond":2,"mmorpg:jewelry/necklace/iron":1,"lightmanscurrency:coin_gold":1,"mmorpg:weapon/staff/iron":3,"minecraft:pumpkin_seeds":2,"cte_essentials:cloth_1_chestplate":1,"minecraft:poppy":2,"minecraft:hay_block":6,"farmersdelight:flint_knife":2,"minecraft:shield":1,"minecraft:trident":1,"minecraft:gunpowder":5,"minecraft:andesite":1,"create:limestone":34,"doggytalents:rice_grains":12,"cte_essentials:cloth_0_chestplate":2,"chococraft:chocobo_saddle":2,"lightmanscurrency:coin_iron":11,"minecraft:arrow":7,"minecraft:bow":3,"mmorpg:jewelry/ring/iron":2,"minecraft:calcite":5,"chococraft:gysahl_green":24,"minecraft:iron_sword":1},"minecraft:crafted":{"minecraft:oak_planks":144,"minecraft:stone":40,"minecraft:leather":2,"minecraft:stone_pickaxe":1,"minecraft:chest":10,"minecraft:wheat":1,"minecraft:crafting_table":1,"minecraft:bucket":1,"minecraft:air":45,"minecraft:jungle_planks":9,"minecraft:stick":12,"minecraft:iron_ingot":43,"minecraft:wooden_axe":1},"minecraft:custom":{"minecraft:blood":0,"lootr:looted_stat":21,"minecraft:mob_kills":156,"minecraft:animals_bred":4,"minecraft:dexterity":5,"minecraft:interact_with_crafting_table":10,"minecraft:open_barrel":1,"minecraft:bell_ring":9,"minecraft:damage_dealt_resisted":0,"minecraft:leave_game":6,"minecraft:time_since_death":227680,"minecraft:climb_one_cm":12611,"minecraft:mana":183,"minecraft:magic_shield":61,"minecraft:sprint_one_cm":707882,"minecraft:walk_one_cm":1319728,"minecraft:drop":166,"minecraft:health":311,"minecraft:play_time":439691,"minecraft:deaths":7,"minecraft:sneak_time":2708,"minecraft:walk_under_water_one_cm":25735,"minecraft:jump":4650,"minecraft:energy":140,"minecraft:walk_on_water_one_cm":22879,"minecraft:total_world_time":439691,"minecraft:interact_with_furnace":31,"minecraft:intelligence":10,"minecraft:move_speed":0,"minecraft:sleep_in_bed":1,"minecraft:levels_gained":10,"minecraft:time_since_rest":0,"minecraft:waystone_activated":1,"minecraft:damage_taken":6137,"minecraft:damage_absorbed":3169,"minecraft:damage_dealt":1758,"minecraft:swim_one_cm":18460,"minecraft:fly_one_cm":860211,"minecraft:player_kills":3,"minecraft:open_chest":217,"minecraft:crouch_one_cm":7292,"minecraft:strength":11,"minecraft:fall_one_cm":112345},"minecraft:picked_up":{"minecraft:fishing_rod":1,"minecraft:coarse_dirt":140,"chococraft:loverly_gysahl_green":3,"minecraft:crafting_table":2,"minecraft:chicken":1,"mmorpg:gems/sapphire/0":2,"cte_essentials:plate_2_helmet":1,"minecraft:lead":6,"minecraft:diamond_sword":3,"mmorpg:weapon/staff/diamond":3,"mmorpg:jewelry/ring/iron":3,"minecraft:enchanted_book":3,"cte_essentials:leather_2_chestplate":1,"minecraft:shield":1,"minecraft:cornflower":6,"cte_essentials:cloth_0_leggings":1,"mmorpg:skill_gems/aura/dex":1,"cte_essentials:cloth_1_helmet":1,"minecraft:string":9,"minecraft:raw_copper":29,"create:limestone":43,"minecraft:wooden_sword":6,"minecraft:iron_shovel":1,"mmorpg:jewel/dex":1,"minecraft:smooth_stone":11,"minecraft:gold_nugget":2,"alexsmobs:banana":1,"mmorpg:gems/tourmaline/0":1,"minecraft:beef":1,"minecraft:light_gray_wool":1,"minecraft:sugar_cane":2,"cte_essentials:cloth_0_helmet":1,"minecraft:calcite":12,"mmorpg:currency/chaos_orb":1,"minecraft:jungle_sapling":3,"minecraft:poppy":5,"alexsmobs:raccoon_tail":1,"minecraft:melon_slice":39,"minecraft:chest":9,"iceandfire:dragonscales_red":12,"mmorpg:currency/socket_adder":2,"iceandfire:ice_dragon_heart":1,"minecraft:raw_iron":3,"mmorpg:skill_gems/support/dex":1,"mmorpg:gems/opal/0":1,"minecraft:stick":14,"iceandfire:dragonbone":15,"cte_essentials:cloth_0_chestplate":1,"minecraft:oak_fence":9,"minecraft:torch":23,"mmorpg:jewelry/necklace/iron":1,"minecraft:trident":1,"mmorpg:skill_gems/support/int":2,"minecraft:vine":4,"cte_essentials:leather_0_chestplate":1,"cte_essentials:plate_0_leggings":2,"minecraft:golden_chestplate":1,"mutantmonsters:creeper_shard":2,"iceandfire:dragon_skull_ice":1,"cte_essentials:cloth_0_boots":3,"minecraft:stone_sword":2,"minecraft:arrow":18,"minecraft:rotten_flesh":34,"minecraft:hay_block":33,"iceandfire:fire_dragon_heart":1,"cte_essentials:cloth_1_leggings":1,"mutantmonsters:mutant_skeleton_shoulder_pad":1,"minecraft:glow_berries":5,"minecraft:cobblestone":1378,"iceandfire:sea_serpent_fang":11,"mmorpg:rare_mats/fishing/medium":1,"minecraft:andesite":81,"minecraft:jungle_log":9,"cte_essentials:leather_0_helmet":1,"cte_essentials:cloth_1_chestplate":4,"doggytalents:rice_grains":43,"minecraft:flint":17,"minecraft:oak_log":36,"minecraft:gunpowder":12,"farmersdelight:flint_knife":2,"minecraft:dirt":2963,"minecraft:white_banner":4,"minecraft:cooked_mutton":8,"chococraft:chocobo_feather":5,"minecraft:bone":27,"mmorpg:material/meat/0":1,"farmersdelight:iron_knife":1,"chococraft:gysahl_green":47,"minecraft:apple":1,"chococraft:gold_gysahl":1,"minecraft:bow":4,"minecraft:wheat_seeds":55,"aquaculture:arrau_turtle":1,"minecraft:iron_ingot":67,"lightmanscurrency:coin_iron":48,"iceandfire:fire_dragon_flesh":4,"minecraft:iron_sword":2,"blue_skies:snowcap_pinhead":1,"cte_essentials:plate_0_chestplate":2,"mmorpg:offhand/tome/wood":2,"minecraft:polished_andesite_stairs":1,"cte_essentials:leather_0_boots":2,"minecraft:dandelion":10,"minecraft:gravel":145,"iceandfire:dragon_skull_fire":1,"mmorpg:stat_soul":3,"minecraft:jungle_planks":25,"chococraft:gysahl_green_seeds":14,"minecraft:white_bed":1,"mmorpg:weapon/staff/wood":14,"securitycraft:reinforced_stone":1,"mmorpg:weapon/staff/iron":3,"mmorpg:offhand/dodge/wood":5,"lightmanscurrency:coin_copper":104,"minecraft:polished_andesite":2,"minecraft:pumpkin_seeds":2,"endersdelight:enderman_sight":1,"chococraft:chocobo_whistle":2,"minecraft:writable_book":2,"lightmanscurrency:coin_gold":2,"cte_essentials:plate_1_leggings":1,"minecraft:crossbow":2,"minecraft:granite":1,"mmorpg:rare_mats/mining/lesser":1,"minecraft:wooden_axe":1,"mmorpg:skill_gems/aura/int":1,"minecraft:rooted_dirt":4,"mmorpg:skill_gems/aura/str":1,"minecraft:oak_sapling":25,"minecraft:coal":256,"securitycraft:keypad_item":3,"minecraft:azure_bluet":2,"cte_essentials:cloth_5_helmet":1,"minecraft:ender_pearl":1},"minecraft:used":{"minecraft:oak_fence":145,"minecraft:iron_shovel":3431,"minecraft:stone_sword":29,"minecraft:chest":21,"minecraft:iron_sword":9,"minecraft:torch":147,"minecraft:dirt":1229,"securitycraft:keypad_item":3,"minecraft:jungle_planks":20,"minecraft:granite":1,"minecraft:oak_fence_gate":8,"minecraft:jungle_sapling":3,"minecraft:wooden_axe":1,"minecraft:iron_axe":55,"minecraft:polished_andesite_stairs":1,"minecraft:chicken_spawn_egg":8,"mmorpg:weapon/staff/diamond":2,"minecraft:hay_block":26,"minecraft:oak_sapling":35,"minecraft:water_bucket":18,"minecraft:cow_spawn_egg":4,"minecraft:lead":1,"minecraft:polished_andesite":2,"minecraft:stone_pickaxe":107,"minecraft:baked_potato":9,"minecraft:sugar_cane":2,"minecraft:sheep_spawn_egg":9,"minecraft:crafting_table":2,"minecraft:white_bed":1,"cte_essentials:cloth_1_helmet":1,"cte_essentials:leather_0_boots":1,"minecraft:bread":9,"minecraft:melon_slice":34,"minecraft:iron_pickaxe":1585,"mmorpg:weapon/staff/wood":1,"minecraft:cobblestone":6,"minecraft:bucket":18},"minecraft:mined":{"minecraft:white_bed":1,"minecraft:granite":1,"minecraft:grass_block":1205,"minecraft:jungle_log":9,"minecraft:hay_block":14,"minecraft:rooted_dirt":3,"minecraft:iron_ore":3,"minecraft:andesite":80,"minecraft:dirt_path":2,"chococraft:gysahl_green":13,"minecraft:vine":1,"minecraft:stone":1510,"create:limestone":42,"minecraft:soul_torch":1,"minecraft:oak_fence":9,"minecraft:crafting_table":2,"minecraft:torch":14,"minecraft:calcite":7,"minecraft:polished_andesite_stairs":2,"minecraft:melon":8,"minecraft:chest":4,"minecraft:copper_ore":6,"minecraft:tall_grass":8,"minecraft:cobblestone":1,"minecraft:sugar_cane":1,"minecraft:wall_torch":6,"minecraft:coarse_dirt":51,"minecraft:white_wall_banner":4,"betterarcheology:loot_vase_green":1,"minecraft:grass":107,"minecraft:coal_ore":4,"minecraft:oak_log":36,"minecraft:gravel":166,"minecraft:dirt":2083,"minecraft:oak_sapling":1,"minecraft:polished_andesite":2,"minecraft:oak_leaves":11,"minecraft:fern":3},"minecraft:killed":{"aquaculture:bluegill":3,"alexsmobs:raccoon":1,"minecraft:spider":16,"creeperoverhaul:bamboo_creeper":1,"minecraft:skeleton":26,"iceandfire:fire_dragon":1,"minecraft:chicken":1,"minecraft:drowned":1,"aquaculture:carp":1,"minecraft:zombie_villager":1,"riskofrain_mobs:lemurian_entity":3,"minecraft:iron_golem":1,"minecraft:wandering_trader":1,"mutantmonsters:mutant_skeleton":4,"alexsmobs:rhinoceros":1,"minecraft:creeper":12,"minecraft:squid":2,"iceandfire:cockatrice":1,"minecraft:trader_llama":1,"mutantmonsters:creeper_minion":10,"minecraft:zombie":47,"mutantmonsters:mutant_creeper":2,"monsterplus:overgrown_skeleton":15,"minecraft:cow":1,"iceandfire:sea_serpent":1,"minecraft:enderman":1}},"DataVersion":3465}