{"stats":{"minecraft:broken":{"cte_essentials:cloth_0_leggings":1,"cte_essentials:cloth_5_helmet":1,"cte_essentials:cloth_1_helmet":1,"cte_essentials:cloth_1_leggings":1,"cte_essentials:cloth_1_chestplate":1,"minecraft:iron_axe":1,"minecraft:iron_pickaxe":5,"cte_essentials:cloth_0_boots":2,"minecraft:iron_shovel":12,"minecraft:stone_pickaxe":1,"cte_essentials:plate_0_leggings":1,"cte_essentials:leather_2_chestplate":1,"cte_essentials:leather_0_boots":1},"minecraft:killed":{"minecraft:skeleton":52,"monsterplus:glow_skeleton":13,"minecraft:chicken":2,"creeperoverhaul:cave_creeper":1,"riskofrain_mobs:lemurian_entity":12,"stalwart_dungeons:giddy_blaze":12,"minecraft:iron_golem":1,"mutantmonsters:mutant_skeleton":5,"iceandfire:cockatrice":1,"minecraft:pillager":20,"minecraft:zombie":98,"mutantmonsters:mutant_creeper":3,"iceandfire:sea_serpent":1,"minecraft:cow":4,"alexsmobs:raccoon":1,"minecraft:vindicator":11,"illagerinvasion:marauder":3,"alexsmobs:seagull":1,"stalwart_dungeons:nether_wart_cocoon":13,"minecraft:wandering_trader":1,"alexsmobs:rhinoceros":1,"mutantmonsters:creeper_minion":10,"monsterplus:overgrown_skeleton":24,"minecraft:enderman":6,"minecraft:spider":25,"kobolds:kobold_rascal":1,"monsterplus:crystal_zombie":14,"creeperoverhaul:bamboo_creeper":1,"minecraft:axolotl":1,"minecraft:piglin_brute":3,"aquaculture:carp":1,"aquaculture:box_turtle":1,"minecraft:piglin":8,"minecraft:zombie_villager":1,"minecraft:creeper":26,"alexsmobs:crimson_mosquito":1,"minecraft:trader_llama":1,"aquaculture:minnow":1,"minecraft:ghast":1,"iceandfire:stone_statue":4,"monsterplus:lava_squid":5,"minecraft:vex":6,"aquaculture:bluegill":4,"minecraft:phantom":17,"iceandfire:fire_dragon":1,"alexsmobs:soul_vulture":1,"minecraft:drowned":4,"realmrpg_wyrms:red_wyrm":1,"aquamirae:maw":2,"minecraft:bat":23,"minecraft:hoglin":5,"minecraft:squid":3,"riskofrain_mobs:stone_golem_entity":1,"minecraft:wither_skeleton":10},"minecraft:picked_up":{"minecraft:wooden_axe":4,"mimi:piano4":1,"mmorpg:gems/sapphire/0":3,"minecraft:lead":11,"minecraft:diamond_sword":7,"minecraft:enchanted_book":7,"minecraft:brewing_stand":1,"minecraft:music_disc_cat":1,"minecraft:string":9,"create:limestone":43,"minecraft:red_nether_bricks":128,"mmorpg:jewel/dex":1,"minecraft:gold_nugget":2,"minecraft:cobbled_deepslate":5,"mimi:tubularbells":1,"mmorpg:gems/tourmaline/0":1,"minecraft:spruce_planks":1,"minecraft:melon_slice":39,"minecraft:coal_block":2,"mmorpg:currency/socket_adder":2,"mmorpg:gems/opal/0":1,"minecraft:jukebox":2,"mmorpg:jewelry/necklace/iron":2,"cte_essentials:plate_0_leggings":2,"minecraft:golden_chestplate":1,"minecraft:black_dye":22,"minecraft:stone_sword":2,"farmersdelight:onion":110,"create:ochrum":1,"iceandfire:fire_dragon_heart":1,"cte_essentials:cloth_1_leggings":4,"supplementaries:quiver":1,"supplementaries:ash":4,"minecraft:iron_bars":3,"minecraft:birch_log":27,"iceandfire:sapphire_gem":1,"minecraft:feather":2,"minecraft:cooked_beef":16,"minecraft:jungle_log":9,"minecraft:water_bucket":1,"minecraft:brown_wool":1,"minecraft:flint":17,"farmersdelight:cooked_bacon":1,"minecraft:lantern":2,"lootr:trophy":2,"chipped:tiled_bordered_red_nether_bricks":1,"mmorpg:material/meat/0":1,"ftbquests:book":1,"minecraft:diamond_helmet":1,"mmorpg:invisible_item":64,"mmorpg:skill_gems/support/str":1,"cte_essentials:plate_0_chestplate":3,"mmorpg:offhand/tome/wood":5,"blue_skies:snowcap_pinhead":1,"cte_essentials:leather_0_boots":2,"alexsmobs:falconry_glove":1,"iceandfire:dragon_skull_fire":1,"minecraft:polished_andesite":2,"minecraft:deepslate":5,"stalwart_dungeons:stone_hammer":1,"mmorpg:gems/ruby/0":1,"minecraft:writable_book":2,"minecraft:granite":1,"mmorpg:rare_mats/mining/lesser":1,"minecraft:rooted_dirt":4,"mmorpg:skill_gems/aura/int":8,"iceandfire:raw_silver":2,"minecraft:diamond_pickaxe":1,"minecraft:coarse_dirt":140,"minecraft:crafting_table":2,"mmorpg:skill_gems/aura/str":2,"minecraft:cornflower":6,"cte_essentials:cloth_0_leggings":1,"waystones:warp_scroll":1,"minecraft:iron_shovel":1,"minecraft:beef":4,"cte_essentials:cloth_0_helmet":2,"minecraft:jungle_sapling":3,"minecraft:poppy":5,"minecraft:chest":9,"minecraft:birch_sapling":11,"minecraft:egg":2,"mmorpg:skill_gems/support/dex":1,"cte_essentials:cloth_0_chestplate":1,"minecraft:glow_item_frame":3,"farmersdelight:minced_beef":6,"sophisticatedbackpacks:backpack":1,"minecraft:spruce_fence":1,"farmersdelight:tomato_seeds":3,"mmorpg:skill_gems/support/int":10,"cte_essentials:leather_0_chestplate":2,"mutantmonsters:creeper_shard":3,"iceandfire:dragon_skull_ice":8,"farmersdelight:hamburger":15,"minecraft:diamond_boots":1,"minecraft:hay_block":33,"mmorpg:currency/level_up_orb":1,"minecraft:gold_ingot":25,"minecraft:glow_berries":9,"minecraft:mutton":3,"minecraft:white_wool":4,"cte_essentials:cloth_2_leggings":2,"iceandfire:sea_serpent_fang":11,"minecraft:tripwire_hook":1,"chipped:fancy_gray_stained_glass":1,"cte_essentials:cloth_1_chestplate":5,"doggytalents:rice_grains":58,"minecraft:oak_log":166,"lightmanscurrency:coinmint":2,"mutantmonsters:mutant_skeleton_limb":1,"farmersdelight:flint_knife":3,"mmorpg:potion/resource/0":16,"minecraft:white_banner":4,"chococraft:chocobo_feather":15,"chococraft:gysahl_green":87,"minecraft:apple":8,"minecraft:stone_bricks":1,"aquaculture:arrau_turtle":1,"minecraft:oak_fence_gate":2,"aquaculture:box_turtle":1,"minecraft:glass_bottle":2,"lightmanscurrency:coin_iron":70,"minecraft:iron_sword":3,"minecraft:polished_andesite_stairs":1,"minecraft:dark_oak_slab":1,"minecraft:gravel":162,"mmorpg:stat_soul":7,"mmorpg:weapon/staff/iron":11,"mmorpg:offhand/dodge/wood":5,"lightmanscurrency:coin_copper":231,"lightmanscurrency:coin_gold":2,"minecraft:diamond_axe":1,"mimi:celesta":1,"farmersdelight:cooked_salmon_slice":4,"cte_essentials:cloth_5_helmet":4,"minecraft:ender_pearl":2,"mmorpg:currency/orb_of_quality":1,"chococraft:loverly_gysahl_green":3,"minecraft:wheat":36,"securitycraft:keypad_item":3,"illagerinvasion:platinum_chunk":4,"minecraft:nether_brick_fence":1,"cte_essentials:plate_2_helmet":1,"minecraft:potion":2,"cte_essentials:leather_2_chestplate":1,"iceandfire:armor_silver_metal_chestplate":1,"mmorpg:skill_gems/aura/dex":4,"cte_essentials:cloth_1_helmet":6,"minecraft:raw_copper":29,"cte_essentials:cloth_2_chestplate":1,"minecraft:smooth_stone":11,"alexsmobs:banana":1,"minecraft:calcite":12,"mmorpg:currency/chaos_orb":2,"nethersdelight:hoglin_sirloin":2,"alexsmobs:raccoon_tail":1,"minecraft:furnace":1,"minecraft:iron_boots":1,"iceandfire:dragonscales_red":12,"farmersdelight:cabbage_seeds":1,"minecraft:stick":65,"minecraft:oak_fence":14,"minecraft:torch":48,"iceandfire:dragonscales_white":13,"minecraft:porkchop":2,"minecraft:music_disc_pigstep":1,"minecraft:vine":4,"cte_essentials:cloth_0_boots":3,"minecraft:rotten_flesh":70,"mutantmonsters:mutant_skeleton_shoulder_pad":1,"minecraft:cobblestone":1610,"mmorpg:rare_mats/fishing/medium":1,"minecraft:andesite":81,"cte_essentials:leather_0_helmet":1,"mmorpg:gems/azurite/0":1,"create:raw_zinc":5,"minecraft:wither_skeleton_skull":3,"minecraft:lapis_lazuli":15,"cte_essentials:cloth_1_boots":2,"cte_essentials:cloth_4_chestplate":1,"minecraft:dirt":3606,"minecraft:bone":84,"farmersdelight:iron_knife":2,"minecraft:bow":4,"minecraft:wheat_seeds":68,"minecraft:oak_planks":1,"minecraft:music_disc_13":1,"minecraft:jungle_planks":25,"minecraft:sand":1,"minecraft:nether_brick_stairs":1,"securitycraft:reinforced_stone":1,"mcwdoors:dark_oak_japanese_door":3,"minecraft:spectral_arrow":2,"mmorpg:jewel/int":1,"minecraft:diamond":1,"endersdelight:enderman_sight":1,"minecraft:cracked_polished_blackstone_bricks":64,"minecraft:crossbow":7,"minecraft:bone_meal":2,"minecraft:emerald":16,"minecraft:oak_sapling":96,"minecraft:chorus_fruit":5,"iceandfire:silver_nugget":18,"chipped:whirlwind_oak_planks":2,"minecraft:fishing_rod":1,"minecraft:azure_bluet":2,"minecraft:chicken":1,"mmorpg:jewelry/ring/iron":4,"mmorpg:weapon/staff/diamond":7,"iceandfire:frozen_cobblestone":1,"minecraft:chain":3,"minecraft:shield":1,"cte_essentials:plate_5_helmet":1,"iceandfire:frozen_stone":12,"minecraft:iron_axe":3,"minecraft:wooden_sword":8,"minecraft:item_frame":3,"minecraft:blackstone":5,"minecraft:light_gray_wool":1,"minecraft:sugar_cane":2,"iceandfire:ice_dragon_heart":2,"minecraft:phantom_membrane":6,"minecraft:raw_iron":4,"iceandfire:dragonbone":64,"minecraft:copper_ingot":65,"minecraft:polished_blackstone_bricks":64,"minecraft:trident":2,"minecraft:dark_oak_planks":2,"supplementaries:sign_post_oak":1,"minecraft:purple_candle":3,"minecraft:arrow":63,"mmorpg:jewelry/necklace/diamond":15,"minecraft:pumpkin_pie":1,"minecraft:nether_bricks":37,"minecraft:stripped_dark_oak_wood":3,"minecraft:nether_brick_wall":1,"minecraft:purple_dye":29,"minecraft:air":0,"minecraft:golden_carrot":2,"minecraft:glow_ink_sac":10,"minecraft:leather":1,"minecraft:music_disc_stal":2,"minecraft:gunpowder":28,"minecraft:cooked_mutton":8,"chococraft:gold_gysahl":1,"iceandfire:armor_silver_metal_helmet":1,"iceandfire:dragon_stick":1,"chipped:ornate_leaded_glass":1,"minecraft:iron_ingot":67,"iceandfire:fire_dragon_flesh":4,"minecraft:music_disc_chirp":1,"stalwart_dungeons:transient_block_close":4,"minecraft:dandelion":10,"chococraft:gysahl_green_seeds":15,"minecraft:blast_furnace":2,"minecraft:white_bed":2,"mmorpg:weapon/staff/wood":16,"minecraft:nether_brick_slab":1,"minecraft:pumpkin_seeds":2,"lightmanscurrency:wallet_gold":1,"aquaculture:wooden_fillet_knife":2,"chococraft:chocobo_whistle":2,"cte_essentials:plate_1_leggings":1,"minecraft:cherry_sapling":4,"naturesaura:aura_bloom":1,"minecraft:coal":458},"minecraft:killed_by":{"mutantmonsters:mutant_creeper":1,"minecraft:zombie":4,"minecraft:guardian":1,"monsterplus:crystal_zombie":1,"minecraft:drowned":1,"iceandfire:ice_dragon":2,"iceandfire:fire_dragon":1,"monsterplus:glow_skeleton":1,"monsterplus:overgrown_skeleton":1,"minecraft:skeleton":1},"minecraft:dropped":{"farmersdelight:hamburger":9,"farmersdelight:iron_knife":4,"minecraft:iron_sword":2,"iceandfire:raw_silver":2,"chococraft:loverly_gysahl_green":2,"minecraft:lapis_lazuli":60,"minecraft:glow_ink_sac":22,"minecraft:chorus_fruit":1,"minecraft:glass_bottle":24,"minecraft:diamond":1,"minecraft:dark_oak_slab":1,"minecraft:crossbow":3,"mmorpg:stone/3":8,"minecraft:glow_berries":8,"mutantmonsters:creeper_shard":2,"cte_essentials:cloth_1_boots":2,"minecraft:emerald":2,"minecraft:dirt":37,"mmorpg:stone/5":5,"cte_essentials:leather_0_chestplate":4,"minecraft:stripped_dark_oak_wood":3,"minecraft:chain":3,"minecraft:wooden_sword":9,"minecraft:gold_nugget":2,"minecraft:writable_book":2,"minecraft:bone_meal":2,"mmorpg:stone/4":5,"minecraft:phantom_membrane":3,"blue_skies:snowcap_pinhead":1,"chipped:nether_bricks_scales":1,"iceandfire:armor_silver_metal_helmet":2,"minecraft:dark_oak_planks":4,"minecraft:fishing_rod":1,"minecraft:bone":18,"cte_essentials:plate_0_helmet":1,"minecraft:stone_axe":2,"mmorpg:offhand/dodge/wood":2,"cte_essentials:cloth_2_leggings":1,"minecraft:golden_chestplate":1,"minecraft:cobbled_deepslate":5,"minecraft:wheat":36,"farmersdelight:cabbage":2,"minecraft:rotten_flesh":39,"mmorpg:jewelry/necklace/diamond":1,"minecraft:oak_planks":63,"minecraft:nether_brick_fence":3,"mmorpg:weapon/staff/iron":5,"aquaculture:wooden_fillet_knife":1,"cte_essentials:cloth_0_helmet":1,"create:limestone":34,"stalwart_dungeons:transient_block_close":2,"chococraft:chocobo_saddle":2,"minecraft:red_nether_bricks":321,"minecraft:egg":4,"minecraft:enchanted_book":4,"cte_essentials:leather_0_boots":1,"minecraft:iron_ingot":32,"mmorpg:invisible_item":214,"mmorpg:stat_soul":1,"mmorpg:jewel/dex":1,"minecraft:wheat_seeds":46,"minecraft:feather":2,"minecraft:cobblestone":133,"iceandfire:dragon_stick":2,"mmorpg:skill_gems/aura/dex":2,"mmorpg:skill_gems/support/int":9,"minecraft:coal":259,"chococraft:chocobo_whistle":1,"minecraft:wooden_axe":5,"minecraft:diamond_helmet":2,"endersdelight:enderman_sight":1,"supplementaries:sign_post_oak":1,"mcwlights:iron_chandelier":1,"minecraft:smooth_stone":11,"minecraft:iron_shovel":1,"minecraft:string":8,"iceandfire:frozen_cobblestone":9,"securitycraft:reinforced_stone":1,"iceandfire:silver_nugget":78,"minecraft:furnace":3,"create:ochrum":1,"minecraft:stone_sword":3,"minecraft:deepslate":12,"iceandfire:dragonegg_silver":1,"minecraft:chicken":1,"minecraft:clay_ball":64,"minecraft:iron_boots":3,"iceandfire:dragon_skull_ice":1,"mmorpg:material/mining/0":1,"waystones:warp_scroll":1,"minecraft:nether_bricks":81,"minecraft:spruce_fence":1,"minecraft:pumpkin_seeds":2,"lightmanscurrency:coin_gold":1,"mcwdoors:dark_oak_japanese_door":1,"cte_essentials:cloth_1_chestplate":1,"minecraft:hay_block":6,"minecraft:stone":2,"minecraft:spruce_planks":1,"mmorpg:offhand/tome/wood":2,"minecraft:diamond_pickaxe":1,"minecraft:stone_bricks":1,"minecraft:spider_eye":2,"cte_essentials:cloth_0_boots":2,"cte_essentials:cloth_0_chestplate":2,"lightmanscurrency:coin_iron":34,"minecraft:bow":3,"cte_essentials:plate_1_boots":1,"minecraft:nether_brick_stairs":1,"minecraft:crimson_nylium":3,"mmorpg:jewel/str":2,"minecraft:oak_log":63,"lightmanscurrency:coin_copper":226,"minecraft:dark_oak_sapling":16,"minecraft:lantern":1,"minecraft:leather":1,"minecraft:flint":1,"mmorpg:material/mining/2":64,"minecraft:cracked_polished_blackstone_bricks":64,"minecraft:ice":1,"minecraft:cornflower":2,"iceandfire:armor_silver_metal_leggings":1,"mcwlights:mangrove_ceiling_fan_light":1,"iceandfire:summoning_crystal_ice":1,"minecraft:polished_blackstone_bricks":64,"chipped:fancy_purple_stained_glass":64,"ftbquests:book":1,"minecraft:gold_ingot":27,"minecraft:gravel":26,"minecraft:blackstone":1,"mmorpg:gems/sapphire/0":2,"minecraft:pointed_dripstone":2,"iceandfire:frozen_stone":8,"cte_essentials:plate_0_chestplate":2,"cte_essentials:cloth_4_chestplate":1,"mmorpg:weapon/staff/diamond":5,"chococraft:blue_chocobo_spawn_egg":1,"minecraft:poppy":2,"supplementaries:ash":8,"iceandfire:armor_silver_metal_boots":2,"minecraft:trident":7,"minecraft:gunpowder":5,"doggytalents:rice_grains":12,"minecraft:iron_bars":3,"minecraft:arrow":57,"minecraft:water_bucket":1,"minecraft:vine":4,"chococraft:chocobo_saddle_bags":1,"chococraft:gold_gysahl":1,"mmorpg:skill_gems/support/dex":4,"minecraft:diamond_leggings":1,"stalwart_dungeons:iron_hammer":1,"minecraft:spectral_arrow":8,"mmorpg:skill_gems/aura/int":5,"minecraft:nether_brick_wall":2,"mmorpg:weapon/staff/wood":11,"minecraft:stick":30,"minecraft:milk_bucket":2,"minecraft:torch":6,"minecraft:nether_wart_block":4,"minecraft:melon_slice":5,"cte_essentials:plate_1_chestplate":1,"iceandfire:armor_silver_metal_chestplate":2,"iceandfire:ice_dragon_heart":1,"minecraft:iron_axe":2,"minecraft:tripwire_hook":1,"minecraft:bucket":1,"iceandfire:dragonbone":1,"chipped:tiled_bordered_red_nether_bricks":1,"chococraft:chocobo_feather":9,"minecraft:tuff":23,"minecraft:raw_iron":1,"farmersdelight:cabbage_seeds":2,"iceandfire:dragonegg_blue":1,"mcwlights:iron_small_chandelier":1,"alexsmobs:falconry_glove":1,"mmorpg:jewelry/necklace/iron":1,"cte_essentials:cloth_1_helmet":6,"minecraft:shield":1,"farmersdelight:flint_knife":5,"mmorpg:material/mining/1":64,"cte_essentials:leather_2_boots":1,"minecraft:andesite":1,"minecraft:golden_leggings":1,"minecraft:diamond_boots":1,"mmorpg:jewelry/ring/iron":2,"minecraft:nether_quartz_ore":10,"minecraft:calcite":5,"stalwart_dungeons:wooden_hammer":2,"chococraft:gysahl_green":29,"cte_essentials:leather_0_leggings":1},"minecraft:crafted":{"minecraft:purple_bed":1,"minecraft:glass":4,"minecraft:copper_ingot":128,"minecraft:iron_block":17,"minecraft:gold_ingot":80,"minecraft:iron_nugget":27,"minecraft:stone_pickaxe":1,"minecraft:redstone_block":57,"minecraft:wheat":1,"minecraft:wooden_axe":1,"minecraft:oak_planks":144,"minecraft:stone":40,"minecraft:chest":10,"minecraft:copper_block":23,"minecraft:smoker":6,"minecraft:crafting_table":1,"minecraft:gold_block":29,"minecraft:emerald_block":40,"sophisticatedbackpacks:diamond_backpack":1,"minecraft:stick":12,"minecraft:iron_ingot":125,"minecraft:coal":2,"minecraft:furnace":8,"minecraft:diamond_block":11,"minecraft:flint_and_steel":1,"minecraft:leather":2,"minecraft:cooked_salmon":2,"minecraft:bucket":1,"minecraft:air":63,"minecraft:jungle_planks":9,"minecraft:lapis_block":32},"minecraft:mined":{"minecraft:dark_oak_planks":3,"minecraft:red_nether_brick_slab":6,"minecraft:white_bed":2,"minecraft:red_nether_bricks":11,"minecraft:granite":1,"minecraft:jungle_log":9,"minecraft:coal_block":2,"minecraft:spawner":10,"minecraft:polished_blackstone_bricks":323,"minecraft:weeping_vines_plant":3,"minecraft:magma_block":4,"supplementaries:sign_post":1,"minecraft:cobbled_deepslate":8,"minecraft:fire":7,"minecraft:stripped_dark_oak_wood":3,"minecraft:nether_brick_stairs":3,"minecraft:dirt_path":2,"create:limestone":42,"minecraft:crimson_nylium":3,"minecraft:torch":24,"minecraft:blast_furnace":3,"minecraft:polished_andesite_stairs":2,"minecraft:melon":8,"minecraft:nether_brick_slab":2,"iceandfire:sapphire_ore":1,"minecraft:sugar_cane":1,"minecraft:damaged_anvil":1,"minecraft:jukebox":2,"minecraft:grass":200,"minecraft:oak_fence_gate":2,"minecraft:deepslate":1,"create:zinc_ore":9,"minecraft:cherry_sapling":4,"minecraft:cyan_stained_glass":2,"minecraft:purple_candle":2,"minecraft:nether_bricks":95,"minecraft:andesite":80,"minecraft:vine":1,"minecraft:chiseled_nether_bricks":1,"minecraft:soul_sand":19,"minecraft:tall_grass":8,"minecraft:copper_ore":7,"minecraft:coarse_dirt":51,"minecraft:birch_leaves":5,"minecraft:gravel":183,"minecraft:stone_bricks":1,"minecraft:fern":4,"minecraft:spruce_planks":1,"minecraft:oak_sapling":4,"minecraft:farmland":1,"minecraft:brewing_stand":1,"minecraft:grass_block":1495,"minecraft:cracked_polished_blackstone_bricks":217,"minecraft:gilded_blackstone":1,"minecraft:glowstone":7,"minecraft:red_nether_brick_stairs":4,"minecraft:iron_ore":4,"chococraft:gysahl_green":13,"minecraft:blackstone":41,"stalwart_dungeons:transient_block_close":1,"iceandfire:dragon_ice_spikes":31,"minecraft:calcite":7,"minecraft:chest":4,"minecraft:nether_quartz_ore":12,"minecraft:wither_skeleton_wall_skull":2,"minecraft:cobblestone":2,"minecraft:wall_torch":6,"minecraft:dark_oak_slab":1,"lootr:trophy":2,"minecraft:nether_wart_block":3,"minecraft:birch_log":27,"minecraft:oak_log":168,"minecraft:sand":1,"minecraft:dirt":2333,"minecraft:wither_skeleton_skull":1,"minecraft:netherrack":153,"minecraft:oak_leaves":33,"minecraft:diamond_ore":1,"minecraft:deepslate_diamond_ore":2,"iceandfire:frozen_cobblestone":4,"iceandfire:frozen_stone":12,"create:ochrum":1,"minecraft:weeping_vines":1,"minecraft:cracked_nether_bricks":1,"minecraft:rooted_dirt":3,"minecraft:hay_block":14,"minecraft:furnace":1,"create:scorchia":4,"minecraft:gold_block":2,"minecraft:nether_brick_fence":2,"minecraft:bookshelf":38,"minecraft:packed_ice":51,"minecraft:stone":1681,"minecraft:soul_torch":1,"minecraft:basalt":51,"minecraft:oak_fence":14,"minecraft:crafting_table":2,"minecraft:polished_blackstone_brick_stairs":9,"lightmanscurrency:coinmint":2,"supplementaries:urn":4,"minecraft:ice":25,"minecraft:white_wall_banner":4,"betterarcheology:loot_vase_green":1,"minecraft:coal_ore":4,"minecraft:polished_andesite":2},"minecraft:used":{"minecraft:spruce_slab":5,"farmersdelight:cabbage_seeds":49,"iceandfire:dragon_skull_ice":6,"mcwlights:black_ceiling_light":4,"minecraft:chest":76,"lootr:trophy":3,"mcwlights:iron_double_candle_holder":1,"chipped:alchemy_bench":2,"securitycraft:keypad_item":3,"chipped:crated_oak_planks":23,"mcwlights:iron_small_chandelier":1,"chipped:large_diamond_purple_stained_glass":4,"minecraft:jungle_sapling":3,"minecraft:music_disc_pigstep":1,"minecraft:grass_block":168,"minecraft:polished_andesite_stairs":1,"minecraft:quartz_block":3,"minecraft:music_disc_chirp":1,"minecraft:dark_oak_slab":1,"floralench:dancing_sunflower":1,"mcwlights:soul_bamboo_tiki_torch":2,"chipped:mosaic_white_concrete":3,"minecraft:music_disc_stal":2,"chipped:oak_bordered_glass":4,"aquaculture:box_turtle_spawn_egg":2,"minecraft:oak_sapling":67,"minecraft:furnace":2,"mcwdoors:oak_barn_glass_door":2,"minecraft:egg":1,"farmersdelight:hamburger":2,"chipped:loom_table":2,"chipped:whirlwind_oak_planks":2,"chipped:white_concrete_bricks":2,"minecraft:cow_spawn_egg":4,"chipped:large_diamond_black_stained_glass":2,"minecraft:stripped_birch_log":1,"chipped:arched_gray_stained_glass_pillar":11,"minecraft:blackstone":4,"chipped:reinforced_oak_log":4,"chipped:shifted_oak_planks":5,"chipped:small_purple_stained_glass":10,"mcwdoors:spruce_barn_door":4,"chipped:stacked_oak_planks":5,"chipped:small_diamond_leaded_glass":22,"stalwart_dungeons:transient_block_close":3,"chipped:fancy_gray_stained_glass":49,"minecraft:oak_leaves":66,"floralench:large_peony_pot":3,"minecraft:sand":1,"minecraft:blast_furnace":3,"farmersdelight:rice":49,"chipped:fancy_black_stained_glass":8,"mcwdoors:spruce_modern_door":2,"mcwdoors:garage_black_door":5,"mcwlights:white_ceiling_light":13,"chipped:hazard_white_concrete":3,"chipped:fancy_red_stained_glass":19,"minecraft:ice":21,"chipped:ornate_leaded_glass":49,"chipped:carpenters_table":7,"chipped:double_herringbone_oak_planks":5,"create:framed_glass":6,"minecraft:stone_sword":29,"handcrafted:fancy_painting":4,"mmorpg:gear_crafting_station":1,"mcwdoors:dark_oak_beach_door":2,"mcwdoors:metal_reinforced_door":5,"mimi:organ5":1,"chipped:small_black_stained_glass":4,"mcwlights:iron_chandelier":5,"minecraft:netherrack":367,"minecraft:torch":349,"minecraft:brewing_stand":1,"chipped:striped_white_concrete":4,"chipped:cut_nether_bricks_column":8,"chipped:ornate_black_stained_glass":4,"minecraft:oak_fence_gate":16,"mcwdoors:dark_oak_japanese_door":6,"mcwlights:cross_wall_lantern":1,"minecraft:iron_axe":252,"minecraft:slime_block":6,"minecraft:chicken_spawn_egg":8,"floralench:large_rose_bush_pot":9,"mcwlights:black_lamp":3,"chipped:planked_oak_log":47,"cte_essentials:cloth_5_boots":1,"chipped:cross_laced_oak_planks":2,"mcwlights:bell_wall_lantern":35,"chipped:brick_bond_oak_planks":6,"lightmanscurrency:coinmint":4,"farmersdelight:tomato_seeds":22,"chipped:small_gray_stained_glass":31,"minecraft:cherry_log":11,"mimi:celesta":1,"minecraft:wheat_seeds":48,"farmersdelight:iron_knife":2,"chipped:wired_white_concrete":13,"minecraft:water_bucket":85,"mcwdoors:metal_door":2,"chipped:grill_light_gray_concrete":12,"chipped:fancy_light_gray_stained_glass":4,"minecraft:birch_planks":9,"domum_ornamentum:shingle":5,"minecraft:lead":3,"chipped:center_cut_oak_log":6,"chipped:oak_diamond_bordered_glass":11,"minecraft:sheep_spawn_egg":9,"mcwlights:chain_wall_lantern":1,"minecraft:crafting_table":3,"iceandfire:dragonegg_white":1,"minecraft:white_bed":1,"minecraft:oak_log":289,"minecraft:diamond_pickaxe":1181,"chipped:botanist_workbench":2,"minecraft:diamond_shovel":202,"chipped:small_blue_stained_glass":15,"chococraft:gysahl_green_seeds":66,"minecraft:iron_pickaxe":1706,"mcwlights:soul_double_street_lamp":1,"mmorpg:weapon/staff/iron":7,"chipped:clear_leaded_glass":14,"minecraft:cobblestone":6,"minecraft:potion":1,"mcwdoors:dark_oak_japanese2_door":2,"minecraft:purple_bed":1,"chipped:sliding_cherry_door":2,"minecraft:jukebox":2,"mcwlights:wall_lantern":2,"minecraft:cherry_sapling":60,"minecraft:purple_candle":3,"minecraft:iron_shovel":4069,"minecraft:diamond_hoe":225,"minecraft:iron_sword":9,"mcwlights:crimson_ceiling_fan_light":1,"minecraft:jungle_planks":20,"minecraft:nether_bricks":20,"mcwlights:wall_lamp":8,"iceandfire:frozen_stone":19,"chipped:vertical_leaded_glass":4,"minecraft:music_disc_13":2,"iceandfire:chain":1,"minecraft:obsidian":3,"minecraft:milk_bucket":1,"mcwlights:dark_oak_ceiling_fan_light":13,"mcwlights:iron_wall_candle_holder":7,"minecraft:lantern":49,"mimi:tubularbells":1,"mmorpg:weapon/staff/diamond":2,"minecraft:item_frame":29,"mcwdoors:metal_windowed_door":2,"minecraft:hay_block":26,"cte_essentials:cloth_4_chestplate":1,"minecraft:dark_oak_sapling":4,"minecraft:dark_oak_stairs":255,"suppsquared:copper_lantern":1,"minecraft:wither_skeleton_skull":4,"mcwlights:white_lamp":21,"minecraft:stone_pickaxe":107,"minecraft:oak_planks":300,"chipped:oak_bared_glass":4,"chipped:arched_leaded_glass_pillar":32,"mcwlights:mangrove_ceiling_fan_light":10,"handcrafted:black_cushion":1,"chipped:fancy_purple_stained_glass":84,"chipped:rusted_light_gray_concrete":5,"minecraft:diamond_axe":41,"minecraft:sugar_cane":2,"chipped:hewn_oak_planks":29,"domum_ornamentum:fancy_door":4,"mimi:piano4":1,"mcwlights:square_wall_lamp":13,"cte_essentials:cloth_1_helmet":1,"waystones:waystone":1,"minecraft:light_gray_concrete":12,"chipped:small_lime_stained_glass":36,"chipped:mosaic_light_gray_concrete":10,"minecraft:melon_slice":34,"minecraft:bread":9,"chipped:carved_nether_bricks":5,"chipped:mixed_oak_log":3,"minecraft:gravel":1,"minecraft:deepslate":5,"chipped:framed_oak_planks":13,"minecraft:chain":14,"chipped:crossed_oak_planks":4,"minecraft:white_concrete":201,"mcwdoors:oak_barn_door":2,"minecraft:experience_bottle":28,"minecraft:oak_fence":277,"mcwlights:gray_paper_lamp":3,"chipped:tinkering_table":1,"minecraft:flint_and_steel":1,"securitycraft:keypad_chest":4,"mcwlights:bell_lantern":10,"minecraft:dirt":1602,"doggytalents:upright_piano_black_item":1,"iceandfire:chain_sticky":1,"minecraft:spruce_stairs":15,"minecraft:diamond_helmet":2,"minecraft:granite":1,"chipped:large_diamond_red_stained_glass":2,"mcwlights:garden_light":1,"minecraft:wooden_axe":1,"iceandfire:dragon_bone_wall":1,"chipped:glassblower":3,"chipped:smooth_oak_planks":541,"chipped:smooth_white_concrete":36,"chipped:small_red_stained_glass":61,"minecraft:black_stained_glass":1,"chipped:edge_cut_oak_log":73,"mcwlights:soul_acacia_tiki_torch":1,"minecraft:cooked_beef":16,"chipped:large_diamond_leaded_glass":3,"minecraft:cooked_mutton":8,"mcwlights:cherry_ceiling_fan_light":5,"mcwlights:light_blue_ceiling_light":9,"chipped:smooth_light_gray_concrete":3,"mcwdoors:dark_oak_paper_door":6,"minecraft:polished_andesite":2,"minecraft:baked_potato":9,"chipped:light_gray_concrete_panel":123,"chipped:nether_bricks_pillar_top":5,"cte_essentials:cloth_5_helmet":1,"chipped:hewn_birch_planks":14,"farmersdelight:onion":63,"chipped:mason_table":2,"chipped:white_concrete_panel":178,"cte_essentials:cloth_2_leggings":1,"cte_essentials:leather_0_boots":1,"minecraft:smoker":6,"floralench:rose_bush_bush":9,"mmorpg:weapon/staff/wood":1,"chipped:sliding_crimson_door":2,"minecraft:white_banner":31,"chipped:vertical_stiped_black_stained_glass":4,"minecraft:bucket":47,"minecraft:pumpkin_pie":1,"mcwlights:iron_framed_torch":1,"mcwdoors:spruce_beach_door":2,"mcwlights:striped_wall_lantern":1,"minecraft:smooth_stone":1,"mcwdoors:store_door":7,"minecraft:birch_stairs":6,"chipped:nether_bricks_scales":158},"minecraft:custom":{"minecraft:dexterity":7,"minecraft:interact_with_crafting_table":33,"minecraft:open_barrel":8,"minecraft:bell_ring":9,"minecraft:leave_game":16,"minecraft:time_since_death":460218,"minecraft:play_time":1352442,"minecraft:deaths":15,"minecraft:jump":13065,"minecraft:interact_with_furnace":77,"minecraft:intelligence":27,"minecraft:play_record":6,"minecraft:sleep_in_bed":4,"minecraft:waystone_activated":4,"minecraft:damage_dealt":2452,"minecraft:interact_with_smoker":17,"minecraft:interact_with_smithing_table":1,"minecraft:mana":283,"minecraft:magic_shield":349,"minecraft:damage_dealt_absorbed":160,"minecraft:sneak_time":21274,"minecraft:interact_with_blast_furnace":22,"minecraft:total_world_time":1352442,"minecraft:move_speed":15,"minecraft:time_since_rest":154654,"minecraft:swim_one_cm":30331,"minecraft:fly_one_cm":3464681,"minecraft:open_chest":664,"minecraft:fall_one_cm":244906,"minecraft:blood":0,"lootr:looted_stat":241,"minecraft:animals_bred":4,"minecraft:damage_resisted":52,"minecraft:sprint_one_cm":2258554,"minecraft:drop":510,"minecraft:health":503,"minecraft:interact_with_brewingstand":3,"minecraft:energy":200,"minecraft:walk_on_water_one_cm":91997,"minecraft:levels_gained":16,"minecraft:player_kills":5,"minecraft:crouch_one_cm":62722,"minecraft:mob_kills":486,"minecraft:damage_dealt_resisted":0,"minecraft:climb_one_cm":26848,"minecraft:walk_one_cm":3747077,"gateways:gates_defeated":1,"minecraft:walk_under_water_one_cm":76473,"minecraft:raid_trigger":1,"minecraft:damage_taken":13145,"minecraft:damage_absorbed":8912,"minecraft:strength":18}},"DataVersion":3465}