{"stats":{"minecraft:killed_by":{"minecraft:creeper":3,"minecraft:spider":4,"iceandfire:stymphalian_bird":2,"kobolds:kobold_rascal":1,"monsterplus:swamp_zombie":3,"monsterplus:overgrown_skeleton":1,"iceandfire:ice_dragon":1,"riskofrain_mobs:lemurian_entity":1,"minecraft:skeleton":11,"mutantmonsters:creeper_minion":1,"minecraft:zombie":11},"minecraft:killed":{"monsterplus:swamp_zombie":18,"minecraft:spider":16,"minecraft:slime":1,"iceandfire:stymphalian_bird":5,"minecraft:skeleton":39,"alexsmobs:leafcutter_ant":2,"riskofrain_mobs:lemurian_entity":1,"minecraft:creeper":2,"iceandfire:ghost":1,"minecraft:zombie":46,"minecraft:stray":2,"iceandfire:ice_dragon":1,"monsterplus:overgrown_skeleton":1},"minecraft:custom":{"minecraft:blood":0,"lootr:looted_stat":152,"minecraft:interact_with_anvil":2,"minecraft:mob_kills":149,"minecraft:dexterity":5,"minecraft:interact_with_crafting_table":52,"minecraft:damage_dealt_resisted":158,"minecraft:leave_game":5,"minecraft:time_since_death":10190,"minecraft:climb_one_cm":73704,"minecraft:damage_resisted":0,"minecraft:mana":116,"minecraft:magic_shield":0,"minecraft:sprint_one_cm":2280507,"minecraft:walk_one_cm":1080242,"minecraft:damage_blocked_by_shield":260,"minecraft:drop":148,"minecraft:health":350,"minecraft:damage_dealt_absorbed":113,"minecraft:talked_to_villager":3,"minecraft:play_time":320027,"minecraft:deaths":46,"minecraft:sneak_time":2555,"minecraft:walk_under_water_one_cm":26552,"minecraft:jump":4950,"minecraft:energy":110,"minecraft:walk_on_water_one_cm":42671,"minecraft:total_world_time":320027,"minecraft:interact_with_furnace":7,"minecraft:intelligence":5,"minecraft:move_speed":0,"minecraft:traded_with_villager":1,"minecraft:interact_with_loom":1,"minecraft:sleep_in_bed":4,"minecraft:levels_gained":7,"minecraft:time_since_rest":11721,"minecraft:waystone_activated":1,"minecraft:damage_taken":31314,"minecraft:damage_absorbed":2465,"minecraft:trigger_trapped_chest":1,"minecraft:damage_dealt":30867,"minecraft:fly_one_cm":486099,"minecraft:swim_one_cm":141435,"minecraft:open_chest":6,"minecraft:crouch_one_cm":8402,"minecraft:strength":18,"minecraft:fall_one_cm":168121},"minecraft:crafted":{"minecraft:oak_planks":2,"iceandfire:armor_blue_helmet":1,"iceandfire:armor_blue_chestplate":1,"minecraft:ladder":12,"minecraft:chest":1,"sophisticatedbackpacks:iron_backpack":1,"blue_skies:blue_journal":1,"sophisticatedbackpacks:backpack":1,"minecraft:crafting_table":6,"minecraft:spruce_planks":27,"minecraft:wooden_pickaxe":1,"sophisticatedbackpacks:gold_backpack":1,"minecraft:air":595,"minecraft:jungle_planks":60,"minecraft:golden_apple":8,"minecraft:iron_chestplate":1,"minecraft:shield":1,"minecraft:stick":52,"minecraft:iron_ingot":15,"minecraft:wooden_axe":1,"minecraft:iron_block":7,"minecraft:gold_ingot":12,"minecraft:anvil":1,"minecraft:torch":51},"minecraft:picked_up":{"minecraft:wooden_axe":2,"minecraft:mud":3,"minecraft:cocoa_beans":12,"minecraft:crafting_table":7,"minecraft:wheat":1,"mmorpg:gems/sapphire/0":2,"minecraft:anvil":1,"mmorpg:skill_gems/aura/str":1,"mmorpg:jewelry/ring/iron":4,"farmersdelight:diamond_knife":2,"minecraft:string":29,"minecraft:wooden_sword":1,"minecraft:item_frame":1,"mmorpg:jewel/dex":2,"minecraft:spruce_planks":3,"minecraft:beef":7,"farmersdelight:straw":4,"minecraft:player_head":2,"minecraft:wooden_shovel":1,"cte_essentials:plate_1_helmet":1,"mmorpg:currency/socket_adder":1,"minecraft:egg":1,"iceandfire:ice_dragon_heart":1,"minecraft:tipped_arrow":1,"mmorpg:skill_gems/support/dex":3,"mmorpg:gems/emerald/0":1,"minecraft:raw_iron":63,"iceandfire:dragonbone":8,"cte_essentials:cloth_0_chestplate":2,"minecraft:copper_ingot":7,"minecraft:torch":4,"cte_essentials:leather_0_leggings":1,"minecraft:stone_button":1,"mmorpg:currency/affix_tier_up_down":1,"mmorpg:jewelry/necklace/iron":6,"minecraft:trident":2,"mmorpg:skill_gems/support/int":1,"minecraft:carrot":6,"cte_essentials:leather_0_chestplate":3,"cte_essentials:plate_0_leggings":1,"minecraft:dark_oak_planks":1,"minecraft:orange_bed":1,"iceandfire:dragon_skull_ice":1,"minecraft:stone_sword":2,"cte_essentials:cloth_0_boots":1,"minecraft:arrow":71,"minecraft:rotten_flesh":64,"mmorpg:currency/affix_common_reroll":1,"minecraft:polished_basalt":13,"minecraft:stripped_dark_oak_wood":5,"minecraft:glow_berries":3,"minecraft:mutton":1,"minecraft:cobblestone":9,"minecraft:white_wool":2,"stalwart_dungeons:wooden_hammer":1,"minecraft:jungle_log":48,"minecraft:cut_sandstone":1,"minecraft:leather":9,"minecraft:potato":3,"doggytalents:rice_grains":9,"minecraft:oak_log":16,"minecraft:cobblestone_wall":1,"minecraft:gunpowder":1,"iceandfire:dragonscales_blue":13,"farmersdelight:flint_knife":1,"minecraft:blue_bed":3,"minecraft:dirt":4,"lootr:trophy":2,"minecraft:bone":52,"farmersdelight:iron_knife":1,"chococraft:gysahl_green":3,"minecraft:gray_terracotta":2,"minecraft:wheat_seeds":16,"minecraft:spruce_wood":27,"minecraft:iron_ingot":15,"minecraft:netherite_axe":2,"minecraft:mossy_stone_bricks":1,"lightmanscurrency:coin_iron":66,"minecraft:iron_sword":4,"minecraft:oak_planks":6,"minecraft:dark_oak_stairs":1,"mmorpg:skill_gems/support/str":1,"minecraft:book":3,"cte_essentials:plate_0_chestplate":1,"mmorpg:offhand/tome/wood":2,"farmersdelight:netherite_knife":1,"iceandfire:copper_nugget":6,"minecraft:black_terracotta":1,"cte_essentials:leather_0_boots":1,"minecraft:poisonous_potato":6,"mmorpg:stat_soul":15,"minecraft:jungle_planks":105,"minecraft:spruce_sapling":1,"chococraft:gysahl_green_seeds":1,"mmorpg:weapon/staff/wood":2,"minecraft:white_bed":1,"mmorpg:weapon/staff/iron":1,"minecraft:chiseled_sandstone":4,"minecraft:spider_eye":11,"mmorpg:gems/garnet/0":1,"lightmanscurrency:coin_copper":154,"mmorpg:offhand/dodge/wood":1,"mmorpg:rare_mats/mining/greater":2,"minecraft:slime_ball":2,"stalwart_dungeons:stone_hammer":2,"mmorpg:gems/ruby/0":1,"minecraft:crossbow":3,"mmorpg:rare_mats/mining/lesser":1,"minecraft:golden_apple":1,"iceandfire:ice_dragon_flesh":1,"minecraft:oak_sapling":1,"minecraft:dark_oak_fence":1,"iceandfire:silver_nugget":30,"minecraft:coal":115,"iceandfire:raw_silver":1},"minecraft:broken":{"cte_essentials:cloth_0_leggings":1,"stalwart_dungeons:stone_hammer":1,"minecraft:iron_leggings":1,"cte_essentials:plate_0_leggings":1,"cte_essentials:plate_1_helmet":1,"minecraft:shield":1,"minecraft:iron_sword":1,"cte_essentials:plate_0_chestplate":2,"cte_essentials:leather_0_boots":2},"minecraft:used":{"minecraft:trident":1,"farmersdelight:diamond_knife":543,"minecraft:iron_shovel":3,"minecraft:ladder":3,"minecraft:polished_basalt":1,"minecraft:spruce_planks":83,"minecraft:shield":1,"minecraft:iron_sword":256,"lootr:trophy":2,"minecraft:orange_bed":1,"minecraft:iron_chestplate":1,"minecraft:torch":86,"minecraft:dirt":4,"minecraft:anvil":1,"minecraft:jungle_planks":163,"minecraft:obsidian":6,"minecraft:dark_oak_planks":1,"minecraft:wooden_axe":49,"minecraft:iron_axe":54,"minecraft:item_frame":1,"minecraft:bow":48,"minecraft:iron_leggings":1,"minecraft:oak_planks":8,"stalwart_dungeons:netherite_hammer":38,"minecraft:blue_bed":3,"minecraft:crafting_table":12,"minecraft:white_bed":1,"minecraft:apple":25,"minecraft:bread":31,"minecraft:melon_slice":9,"minecraft:iron_pickaxe":234,"stalwart_dungeons:stone_hammer":97,"minecraft:diamond_sword":52,"minecraft:cobblestone":21,"minecraft:experience_bottle":26},"minecraft:mined":{"minecraft:dark_oak_planks":1,"minecraft:spruce_planks":3,"minecraft:white_bed":1,"iceandfire:silver_ore":1,"minecraft:jungle_leaves":1,"minecraft:cave_vines_plant":2,"minecraft:dark_oak_fence":1,"minecraft:grass_block":6,"minecraft:jungle_log":50,"minecraft:mangrove_trapdoor":1,"minecraft:spawner":20,"blue_skies:frostbright_bookshelf":1,"minecraft:carrots":1,"minecraft:polished_basalt":13,"minecraft:iron_ore":63,"minecraft:anvil":1,"minecraft:stripped_dark_oak_wood":6,"chococraft:gysahl_green":2,"minecraft:potatoes":1,"minecraft:vine":5,"minecraft:cave_vines":6,"minecraft:flowering_azalea_leaves":1,"minecraft:spruce_wood":29,"minecraft:azalea_leaves":28,"minecraft:stone":8,"minecraft:orange_bed":1,"minecraft:gray_terracotta":1,"minecraft:torch":4,"minecraft:crafting_table":7,"iceandfire:dragon_ice_spikes":4,"minecraft:emerald_ore":1,"minecraft:polished_andesite_stairs":2,"minecraft:tall_grass":4,"minecraft:blue_bed":4,"lootr:trophy":2,"minecraft:grass":35,"minecraft:coal_ore":115,"minecraft:oak_log":9,"minecraft:cocoa":2,"minecraft:gravel":7,"minecraft:dirt":1,"minecraft:oak_leaves":6,"minecraft:fern":5},"minecraft:dropped":{"minecraft:dark_oak_stairs":1,"cte_essentials:cloth_2_boots":1,"mmorpg:stat_soul":8,"minecraft:wheat_seeds":14,"mmorpg:skill_gems/support/str":1,"lightmanscurrency:coin_copper":15,"minecraft:poisonous_potato":4,"minecraft:netherite_axe":1,"minecraft:crossbow":1,"mmorpg:runes/ita":1,"minecraft:book":2,"minecraft:cobblestone":1,"minecraft:leather":4,"minecraft:jungle_planks":3,"minecraft:iron_horse_armor":1,"minecraft:copper_ingot":7,"mmorpg:stone/1":13,"mmorpg:skill_gems/support/int":1,"mmorpg:weapon/staff/wood":5,"minecraft:stick":10,"mmorpg:potion/health/0":3,"minecraft:golden_carrot":2,"minecraft:stone_button":2,"iceandfire:copper_nugget":5,"minecraft:torch":58,"minecraft:wooden_axe":3,"mmorpg:potion/health/1":3,"cte_essentials:cloth_1_leggings":1,"cte_essentials:leather_0_chestplate":2,"minecraft:cut_sandstone":1,"minecraft:iron_leggings":1,"minecraft:gold_nugget":1,"minecraft:polished_basalt":12,"minecraft:mud":2,"minecraft:iron_pickaxe":1,"minecraft:string":35,"stalwart_dungeons:stone_hammer":1,"minecraft:white_wool":2,"minecraft:spruce_sapling":1,"minecraft:bone":24,"minecraft:chiseled_sandstone":4,"minecraft:player_head":2,"minecraft:iron_nugget":4,"mmorpg:rare_mats/mining/lesser":1,"minecraft:stone_sword":1,"minecraft:cobblestone_wall":1,"minecraft:cocoa_beans":12,"mmorpg:gems/sapphire/0":1,"minecraft:wheat":1,"minecraft:black_terracotta":2,"minecraft:rotten_flesh":46,"minecraft:oak_planks":6,"cte_essentials:plate_0_chestplate":1,"farmersdelight:straw":4,"mmorpg:jewelry/necklace/iron":4,"mmorpg:weapon/staff/iron":1,"cte_essentials:cloth_1_helmet":1,"minecraft:tipped_arrow":1,"minecraft:gray_terracotta":2,"farmersdelight:flint_knife":2,"minecraft:trident":1,"mmorpg:gems/ruby/0":2,"mmorpg:offhand/tome/wood":2,"minecraft:iron_chestplate":1,"cte_essentials:cloth_0_helmet":1,"minecraft:mossy_stone_bricks":1,"minecraft:spruce_wood":2,"doggytalents:rice_grains":4,"minecraft:wooden_shovel":1,"minecraft:spider_eye":11,"minecraft:slime_ball":2,"minecraft:wooden_pickaxe":1,"minecraft:arrow":5,"mmorpg:jewelry/ring/iron":2,"minecraft:bow":1,"minecraft:raw_gold":16,"mmorpg:stone/2":1,"stalwart_dungeons:wooden_hammer":3,"minecraft:egg":1,"farmersdelight:netherite_knife":1,"farmersdelight:diamond_knife":2,"mmorpg:jewel/dex":2,"minecraft:iron_sword":2,"cte_essentials:leather_0_leggings":1}},"DataVersion":3465}