{"stats":{"minecraft:killed_by":{"minecraft:zombie":4},"minecraft:custom":{"minecraft:time_since_rest":1270,"minecraft:blood":0,"minecraft:magic_shield":0,"minecraft:crouch_one_cm":282,"minecraft:damage_taken":956,"minecraft:sprint_one_cm":22457,"minecraft:play_time":5917,"minecraft:damage_absorbed":4164,"minecraft:deaths":4,"minecraft:walk_one_cm":10890,"minecraft:sneak_time":49,"minecraft:dexterity":0,"minecraft:jump":123,"minecraft:intelligence":0,"minecraft:energy":50,"minecraft:damage_dealt":42,"minecraft:health":100,"minecraft:move_speed":0,"minecraft:time_since_death":1243,"minecraft:strength":0,"minecraft:climb_one_cm":1920,"minecraft:total_world_time":5917,"minecraft:fall_one_cm":3150,"minecraft:fly_one_cm":28544,"minecraft:mana":50},"minecraft:picked_up":{"minecraft:rotten_flesh":2}},"DataVersion":3465}