{"stats":{"minecraft:broken":{"cte_essentials:cloth_0_boots":1,"minecraft:leather_leggings":2,"cte_essentials:plate_2_leggings":1,"cte_essentials:cloth_2_leggings":1,"iceandfire:cyclops_eye":1,"minecraft:golden_chestplate":1,"cte_essentials:leather_2_helmet":1,"cte_essentials:cloth_0_helmet":1,"cte_essentials:cloth_1_leggings":1,"cte_essentials:plate_1_helmet":2,"cte_essentials:leather_2_boots":1,"cte_essentials:cloth_2_boots":1,"cte_essentials:leather_2_chestplate":1,"cte_essentials:leather_0_boots":1,"cte_essentials:plate_0_boots":1},"minecraft:killed_by":{"minecraft:creeper":2,"monsterplus:swamp_zombie":1,"minecraft:zombie":3,"minecraft:husk":2,"monsterplus:glow_skeleton":3,"minecraft:skeleton":13},"minecraft:dropped":{"farmersdelight:iron_knife":1,"chococraft:loverly_gysahl_green":2,"mmorpg:skill_gems/support/str":4,"lightmanscurrency:coin_copper":9,"minecraft:leather":5,"minecraft:jungle_sapling":1,"minecraft:bone_meal":5,"minecraft:stone_axe":1,"mmorpg:offhand/dodge/wood":1,"cte_essentials:plate_1_leggings":1,"minecraft:rotten_flesh":2,"minecraft:oak_planks":14,"minecraft:cooked_mutton":4,"mmorpg:weapon/staff/iron":4,"alexsmobs:kangaroo_hide":2,"minecraft:tipped_arrow":2,"minecraft:arrow":7,"minecraft:beef":6,"minecraft:iron_ingot":6,"farmersdelight:netherite_knife":2,"minecraft:poisonous_potato":1,"minecraft:netherite_axe":2,"mmorpg:skill_gems/aura/dex":1,"mmorpg:skill_gems/support/int":1,"mmorpg:weapon/staff/wood":1,"minecraft:iron_block":1,"minecraft:torch":1,"mmorpg:gems/azurite/0":1,"minecraft:paper":10,"minecraft:string":25,"minecraft:pink_tulip":1,"minecraft:player_head":1,"farmersdelight:straw":1,"mmorpg:jewelry/necklace/iron":6,"cte_essentials:cloth_1_chestplate":1,"minecraft:potato":36,"minecraft:shield":1,"farmersdelight:flint_knife":1,"minecraft:allium":1,"mmorpg:offhand/tome/wood":2,"cte_essentials:cloth_0_chestplate":3,"minecraft:bow":1,"stalwart_dungeons:wooden_hammer":1,"cte_essentials:plate_1_boots":1,"mmorpg:skill_gems/aura/str":3,"farmersdelight:diamond_knife":2},"minecraft:crafted":{"minecraft:oak_planks":210,"minecraft:chest":1,"sophisticatedbackpacks:backpack":1,"minecraft:crafting_table":2,"minecraft:wooden_pickaxe":1,"minecraft:stick":4,"minecraft:iron_block":3,"comforts:sleeping_bag_white":1,"minecraft:stone_pickaxe":1,"sophisticatedbackpacks:iron_backpack":1,"minecraft:stone_axe":1,"minecraft:jungle_planks":4,"minecraft:air":520,"minecraft:anvil":1},"minecraft:used":{"minecraft:moss_block":29,"iceandfire:dragon_skull_ice":1,"minecraft:jungle_planks":16,"minecraft:obsidian":1,"minecraft:lava_bucket":1,"farmersdelight:netherite_knife":804,"minecraft:stone_pickaxe":49,"minecraft:prismarine":4,"minecraft:oak_planks":260,"minecraft:wooden_pickaxe":5,"minecraft:cookie":2,"minecraft:golden_apple":3,"minecraft:stripped_mangrove_wood":7,"minecraft:bread":56,"minecraft:string":1,"cte_essentials:stone_block_0":1,"minecraft:stripped_oak_wood":1,"minecraft:experience_bottle":103,"minecraft:trident":1,"minecraft:stone_sword":73,"minecraft:dirt":2,"minecraft:anvil":1,"farmersdelight:flint_knife":48,"minecraft:iron_axe":76,"minecraft:cooked_mutton":1,"minecraft:water_bucket":11,"minecraft:crafting_table":3,"minecraft:white_bed":8,"minecraft:painting":1,"farmersdelight:cake_slice":7,"minecraft:iron_pickaxe":45,"minecraft:netherite_axe":485,"minecraft:stone_axe":19,"minecraft:bucket":11,"minecraft:splash_potion":1,"alexsmobs:emu_egg":1},"minecraft:custom":{"minecraft:blood":0,"lootr:looted_stat":170,"minecraft:dexterity":26,"minecraft:interact_with_crafting_table":17,"minecraft:eat_cake_slice":1,"minecraft:leave_game":5,"minecraft:time_since_death":14564,"minecraft:damage_resisted":0,"minecraft:sprint_one_cm":1524172,"minecraft:drop":89,"minecraft:health":491,"minecraft:talked_to_villager":1,"minecraft:play_time":443170,"minecraft:deaths":28,"minecraft:jump":7135,"minecraft:energy":207,"minecraft:walk_on_water_one_cm":62643,"minecraft:interact_with_furnace":1,"minecraft:intelligence":12,"minecraft:interact_with_cartography_table":1,"minecraft:sleep_in_bed":3,"minecraft:levels_gained":16,"minecraft:waystone_activated":5,"minecraft:damage_dealt":52492,"minecraft:crouch_one_cm":11763,"minecraft:interact_with_smoker":1,"minecraft:inspect_dispenser":1,"minecraft:interact_with_smithing_table":1,"minecraft:mob_kills":619,"minecraft:interact_with_anvil":7,"minecraft:damage_dealt_resisted":0,"minecraft:climb_one_cm":45734,"minecraft:mana":200,"minecraft:magic_shield":0,"minecraft:walk_one_cm":1542238,"minecraft:damage_dealt_absorbed":35,"minecraft:sneak_time":4271,"minecraft:walk_under_water_one_cm":44588,"minecraft:interact_with_lectern":1,"minecraft:total_world_time":443170,"minecraft:move_speed":0,"minecraft:time_since_rest":14597,"minecraft:damage_absorbed":7896,"minecraft:damage_taken":32399,"minecraft:swim_one_cm":19280,"minecraft:fly_one_cm":1367962,"minecraft:open_chest":5,"minecraft:strength":29,"minecraft:fall_one_cm":275562},"minecraft:picked_up":{"minecraft:wooden_axe":3,"chococraft:loverly_gysahl_green":2,"illagerinvasion:platinum_chunk":6,"cte_essentials:leather_2_chestplate":1,"mmorpg:skill_gems/aura/dex":2,"alexsmobs:gazelle_horn":1,"minecraft:string":53,"mmorpg:currency/chaos_orb":1,"minecraft:iron_pickaxe":1,"minecraft:coal_block":1,"wstweaks:fragment":3,"minecraft:iron_boots":1,"mmorpg:runes/dos":1,"mmorpg:gems/opal/0":2,"minecraft:tipped_arrow":4,"minecraft:stick":3,"minecraft:torch":1,"minecraft:porkchop":6,"mmorpg:jewelry/necklace/iron":13,"minecraft:cherry_log":87,"minecraft:golden_chestplate":1,"cte_essentials:cloth_0_boots":1,"minecraft:rotten_flesh":119,"minecraft:iron_block":1,"minecraft:cyan_terracotta":18,"alexsmobs:emu_egg":1,"cte_essentials:cloth_1_leggings":3,"minecraft:cobblestone":36,"minecraft:pink_petals":9,"minecraft:feather":3,"minecraft:andesite":1,"minecraft:jungle_log":12,"stalwart_dungeons:wooden_hammer":3,"cte_essentials:leather_0_helmet":1,"mmorpg:gems/azurite/0":2,"alexsmobs:bear_fur":1,"minecraft:prismarine_bricks":1,"minecraft:dirt":36,"cte_essentials:plate_1_boots":2,"minecraft:bone":131,"farmersdelight:iron_knife":2,"minecraft:bow":8,"minecraft:wheat_seeds":2,"mmorpg:gems/ruby/1":1,"minecraft:netherite_axe":3,"minecraft:glowstone_dust":2,"minecraft:moss_block":33,"minecraft:oak_planks":8,"mmorpg:skill_gems/support/str":3,"mmorpg:potion/health/0":3,"cte_essentials:plate_0_chestplate":2,"mmorpg:offhand/tome/wood":3,"minecraft:stripped_acacia_wood":3,"minecraft:poisonous_potato":2,"iceandfire:shiny_scales":3,"iceandfire:stymphalian_bird_feather":4,"minecraft:acacia_stairs":2,"farmersdelight:ham":5,"minecraft:spectral_arrow":4,"cte_essentials:stone_block_0":1,"minecraft:dark_prismarine":6,"farmersdelight:cake_slice":7,"alexsmobs:kangaroo_hide":4,"mmorpg:gems/ruby/0":1,"minecraft:deepslate":4,"endersdelight:enderman_sight":1,"minecraft:crossbow":3,"minecraft:golden_apple":1,"minecraft:emerald":4,"minecraft:oak_sapling":16,"minecraft:dark_oak_fence":1,"iceandfire:raw_silver":4,"nethersdelight:hoglin_loin":23,"minecraft:cocoa_beans":3,"minecraft:mud":2,"minecraft:crafting_table":1,"minecraft:allium":1,"minecraft:azure_bluet":1,"iceandfire:witherbone":5,"minecraft:leather_leggings":3,"mmorpg:skill_gems/aura/str":2,"mmorpg:jewelry/ring/iron":1,"minecraft:diamond_horse_armor":2,"minecraft:shield":7,"farmersdelight:diamond_knife":2,"cte_essentials:cloth_0_leggings":1,"minecraft:wooden_sword":3,"minecraft:beef":24,"farmersdelight:straw":1,"cte_essentials:cloth_0_helmet":3,"minecraft:player_head":2,"minecraft:lectern":1,"cte_essentials:plate_1_helmet":1,"iceandfire:ice_dragon_heart":1,"minecraft:raw_iron":5,"minecraft:stripped_mangrove_wood":7,"iceandfire:dragonbone":9,"cte_essentials:cloth_0_chestplate":4,"minecraft:trident":1,"mmorpg:skill_gems/support/int":5,"minecraft:dark_oak_planks":10,"iceandfire:dragon_skull_ice":2,"minecraft:arrow":111,"minecraft:decorated_pot":1,"iceandfire:dragonscales_silver":45,"minecraft:pink_tulip":1,"minecraft:mutton":45,"alexsmobs:kangaroo_meat":4,"minecraft:white_wool":15,"cte_essentials:cloth_2_leggings":2,"minecraft:netherite_boots":1,"minecraft:glow_ink_sac":4,"minecraft:leather":19,"minecraft:red_mushroom":1,"doggytalents:rice_grains":1,"minecraft:oak_log":214,"minecraft:gunpowder":21,"farmersdelight:flint_knife":4,"mmorpg:potion/resource/0":6,"minecraft:paper":5,"minecraft:cooked_mutton":2,"chococraft:gysahl_green":37,"minecraft:spruce_wood":7,"minecraft:iron_ingot":9,"cte_essentials:cloth_2_boots":1,"minecraft:stripped_oak_wood":1,"minecraft:glass_bottle":1,"cte_essentials:leather_2_helmet":1,"lightmanscurrency:coin_iron":126,"minecraft:iron_sword":2,"minecraft:dark_oak_stairs":1,"minecraft:book":18,"farmersdelight:netherite_knife":1,"cte_essentials:plate_0_boots":4,"mmorpg:stat_soul":6,"minecraft:amethyst_shard":2,"chococraft:gysahl_green_seeds":14,"minecraft:white_bed":10,"mmorpg:weapon/staff/wood":5,"mmorpg:weapon/staff/iron":3,"minecraft:spider_eye":7,"mmorpg:offhand/dodge/wood":3,"lightmanscurrency:coin_copper":432,"minecraft:slime_ball":1,"minecraft:painting":1,"minecraft:cherry_sapling":1,"minecraft:coal":21,"mmorpg:offhand/dodge/iron":1,"stalwart_dungeons:netherite_hammer":1},"minecraft:mined":{"minecraft:dark_oak_planks":3,"minecraft:white_bed":10,"minecraft:cherry_log":89,"minecraft:grass_block":1,"minecraft:jungle_log":13,"minecraft:coal_block":1,"minecraft:spawner":40,"minecraft:magma_block":1,"minecraft:iron_ore":5,"chococraft:gysahl_green":14,"minecraft:azalea_leaves":1,"minecraft:stripped_mangrove_wood":7,"minecraft:player_head":1,"minecraft:tripwire":3,"minecraft:cyan_terracotta":3,"betterarcheology:rotten_log":4,"minecraft:amethyst_cluster":1,"minecraft:pink_petals":1,"minecraft:grass":12,"minecraft:oak_log":213,"minecraft:dirt":2,"minecraft:tripwire_hook":1,"minecraft:oak_leaves":22,"minecraft:dark_prismarine":1,"iceandfire:silver_ore":4,"minecraft:dark_oak_fence":1,"minecraft:decorated_pot":2,"minecraft:spruce_leaves":2,"minecraft:moss_block":35,"minecraft:bookshelf":6,"minecraft:shroomlight":1,"minecraft:vine":3,"minecraft:stone":35,"minecraft:cake":1,"minecraft:scaffolding":1,"betterarcheology:growth_totem":1,"minecraft:crafting_table":1,"minecraft:lectern":1,"minecraft:tall_grass":8,"minecraft:prismarine_bricks":1,"minecraft:yellow_bed":1,"minecraft:coal_ore":5,"minecraft:cherry_leaves":3,"minecraft:cobweb":10,"minecraft:stripped_acacia_wood":3,"minecraft:fern":4},"minecraft:killed":{"alexsmobs:hummingbird":1,"minecraft:witch":1,"monsterplus:swamp_zombie":31,"minecraft:spider":39,"iceandfire:stymphalian_bird":2,"monsterplus:crystal_zombie":6,"creeperoverhaul:bamboo_creeper":1,"minecraft:skeleton":151,"monsterplus:glow_skeleton":12,"minecraft:chicken":3,"alexsmobs:kangaroo":3,"minecraft:wolf":1,"minecraft:pig":15,"alexsmobs:grizzly_bear":2,"minecraft:zombie_villager":4,"riskofrain_mobs:lemurian_entity":6,"minecraft:iron_golem":1,"mutantmonsters:mutant_skeleton":1,"minecraft:creeper":26,"minecraft:sheep":31,"minecraft:pillager":9,"minecraft:zombie":161,"minecraft:stray":6,"monsterplus:opalescent_eye":1,"mutantmonsters:mutant_creeper":1,"alexsmobs:komodo_dragon":1,"minecraft:cow":13,"aquaculture:bluegill":1,"alexsmobs:raccoon":5,"minecraft:vindicator":1,"minecraft:slime":7,"minecraft:phantom":1,"minecraft:horse":2,"goblintraders:goblin_trader":1,"alexsmobs:rocky_roller":2,"iceandfire:hippocampus":1,"minecraft:husk":5,"minecraft:bat":1,"minecraft:frog":6,"minecraft:hoglin":10,"alexsmobs:emu":2,"alexsmobs:gelada_monkey":7,"alexsmobs:gazelle":4,"friendsandfoes:moobloom":1,"iceandfire:ice_dragon":1,"mutantmonsters:mutant_zombie":1,"minecraft:wither_skeleton":16,"minecraft:enderman":2}},"DataVersion":3465}