{"stats":{"minecraft:killed_by":{"minecraft:spider":1},"minecraft:killed":{"minecraft:spider":6,"minecraft:creeper":3,"creeperoverhaul:bamboo_creeper":1,"minecraft:skeleton":8,"alexsmobs:gelada_monkey":1,"minecraft:zombie":7,"aquaculture:arrau_turtle":1,"alexsmobs:leafcutter_ant":5,"minecraft:chicken":1,"minecraft:drowned":1,"monsterplus:overgrown_skeleton":3,"minecraft:villager":3},"minecraft:custom":{"minecraft:blood":0,"lootr:looted_stat":43,"minecraft:interact_with_furnace":1,"minecraft:mob_kills":42,"minecraft:dexterity":5,"minecraft:intelligence":19,"minecraft:move_speed":0,"minecraft:leave_game":1,"minecraft:time_since_death":2521,"minecraft:climb_one_cm":35844,"minecraft:levels_gained":5,"minecraft:mana":95,"minecraft:time_since_rest":2586,"minecraft:magic_shield":24,"minecraft:sprint_one_cm":245133,"minecraft:damage_absorbed":245,"minecraft:damage_taken":3146,"minecraft:walk_one_cm":205119,"minecraft:drop":19,"minecraft:damage_dealt":194,"minecraft:health":193,"minecraft:swim_one_cm":2396,"minecraft:talked_to_villager":1,"minecraft:fly_one_cm":211229,"minecraft:open_chest":1,"minecraft:play_time":76776,"minecraft:deaths":2,"minecraft:sneak_time":4,"minecraft:walk_under_water_one_cm":945,"minecraft:jump":1214,"minecraft:energy":90,"minecraft:walk_on_water_one_cm":400,"minecraft:strength":5,"minecraft:total_world_time":76776,"minecraft:fall_one_cm":42451},"minecraft:crafted":{"minecraft:oak_planks":48},"minecraft:picked_up":{"minecraft:cocoa_beans":6,"minecraft:crafting_table":1,"mmorpg:gems/topaz/0":1,"minecraft:feather":1,"minecraft:chicken":1,"cte_essentials:leather_2_chestplate":1,"farmersdelight:flint_knife":1,"minecraft:dirt":5,"minecraft:string":6,"minecraft:bone":10,"minecraft:wheat_seeds":5,"aquaculture:arrau_turtle":1,"minecraft:bamboo":1,"minecraft:melon_slice":22,"lightmanscurrency:coin_iron":8,"mmorpg:skill_gems/support/str":1,"mmorpg:gems/emerald/0":1,"cte_essentials:plate_0_boots":1,"mmorpg:stat_soul":4,"mmorpg:jewelry/necklace/iron":4,"minecraft:trident":1,"mmorpg:weapon/staff/wood":1,"cte_essentials:leather_0_chestplate":1,"mmorpg:weapon/staff/iron":4,"minecraft:spider_eye":3,"lightmanscurrency:coin_copper":37,"mmorpg:gems/garnet/0":1,"minecraft:arrow":10,"minecraft:rotten_flesh":8,"stalwart_dungeons:stone_hammer":1,"mmorpg:jewelry/necklace/gold":1,"cte_essentials:plate_1_leggings":1,"minecraft:glow_berries":2},"minecraft:used":{"minecraft:oak_planks":11,"minecraft:melon_slice":11,"minecraft:bread":4,"mmorpg:weapon/staff/iron":3,"mmorpg:weapon/staff/wood":2},"minecraft:mined":{"minecraft:grass_block":4,"minecraft:tall_grass":1,"amendments:directional_cake":1,"minecraft:grass":1,"minecraft:dirt":1},"minecraft:dropped":{"minecraft:wheat_seeds":4,"minecraft:cocoa_beans":6,"cte_essentials:plate_1_leggings":1,"minecraft:chicken":1,"minecraft:feather":1,"minecraft:glow_berries":1,"minecraft:rotten_flesh":8,"mmorpg:jewelry/necklace/iron":1,"mmorpg:weapon/staff/wood":1,"minecraft:leather_horse_armor":1,"minecraft:spider_eye":1,"minecraft:bamboo":1,"mmorpg:gems/topaz/0":1,"minecraft:paper":10,"stalwart_dungeons:stone_hammer":1,"minecraft:gold_ingot":5}},"DataVersion":3465}