{"stats":{"minecraft:custom":{"minecraft:blood":0,"lootr:looted_stat":119,"minecraft:dexterity":5,"minecraft:interact_with_crafting_table":21,"minecraft:eat_cake_slice":6,"minecraft:leave_game":8,"minecraft:time_since_death":4614,"minecraft:damage_resisted":46,"minecraft:sprint_one_cm":995450,"minecraft:damage_blocked_by_shield":20,"minecraft:drop":139,"minecraft:health":369,"minecraft:play_time":385251,"minecraft:deaths":34,"minecraft:jump":5082,"minecraft:energy":130,"minecraft:walk_on_water_one_cm":32441,"minecraft:interact_with_furnace":7,"minecraft:intelligence":5,"minecraft:interact_with_loom":1,"minecraft:sleep_in_bed":3,"minecraft:levels_gained":9,"minecraft:waystone_activated":2,"minecraft:damage_dealt":18258,"minecraft:crouch_one_cm":22151,"minecraft:mob_kills":162,"minecraft:damage_dealt_resisted":85,"minecraft:climb_one_cm":63495,"minecraft:mana":130,"minecraft:magic_shield":0,"minecraft:walk_one_cm":593753,"minecraft:damage_dealt_absorbed":168,"minecraft:sneak_time":6935,"minecraft:walk_under_water_one_cm":29489,"minecraft:total_world_time":385251,"minecraft:move_speed":0,"minecraft:time_since_rest":4647,"minecraft:damage_taken":32825,"minecraft:damage_absorbed":771,"minecraft:swim_one_cm":156330,"minecraft:fly_one_cm":1049849,"minecraft:open_chest":96,"minecraft:strength":23,"minecraft:fall_one_cm":185222},"minecraft:broken":{"minecraft:iron_chestplate":1,"minecraft:iron_leggings":1,"minecraft:iron_sword":2,"minecraft:shield":1,"minecraft:iron_axe":1,"cte_essentials:plate_5_helmet":1},"minecraft:dropped":{"minecraft:iron_sword":2,"minecraft:acacia_wood":1,"minecraft:moss_block":5,"minecraft:brown_mushroom":1,"minecraft:crafting_table":1,"minecraft:crossbow":1,"minecraft:leather":2,"minecraft:red_mushroom":1,"minecraft:dirt":11,"minecraft:red_bed":1,"cte_essentials:leather_0_chestplate":1,"minecraft:wooden_sword":2,"minecraft:gold_nugget":4,"minecraft:sand":1,"minecraft:dark_oak_planks":10,"minecraft:white_wool":1,"minecraft:bone":2,"cte_essentials:leather_0_helmet":1,"bountiful:bounty":5,"minecraft:rotten_flesh":63,"minecraft:oak_planks":31,"minecraft:azure_bluet":1,"minecraft:acacia_stairs":2,"minecraft:carrot":19,"mmorpg:weapon/staff/iron":1,"minecraft:gunpowder":8,"cte_essentials:cloth_0_helmet":1,"mmorpg:currency/socket_adder":1,"doggytalents:rice_grains":4,"minecraft:spruce_slab":15,"minecraft:arrow":2,"minecraft:stone_brick_stairs":3,"cte_essentials:leather_0_boots":2,"minecraft:iron_ingot":17,"mmorpg:stat_soul":1,"minecraft:wheat_seeds":3,"minecraft:lilac":2,"minecraft:mossy_cobblestone":4,"minecraft:cobblestone":56,"minecraft:dead_horn_coral_block":1,"minecraft:spruce_stairs":6,"mmorpg:skill_gems/support/int":3,"minecraft:coal":1,"minecraft:golden_apple":1,"mmorpg:weapon/staff/wood":1,"minecraft:polished_andesite":1,"minecraft:stick":10,"minecraft:diamond_horse_armor":2,"mmorpg:potion/health/0":3,"minecraft:wooden_axe":6,"minecraft:melon_slice":68,"minecraft:polished_andesite_stairs":1,"minecraft:string":7,"minecraft:bricks":1,"minecraft:brick_wall":7,"minecraft:light_gray_wool":1,"minecraft:iron_boots":2,"mmorpg:gems/topaz/1":2,"mmorpg:jewelry/necklace/iron":1,"mmorpg:potion/resource/0":6,"farmersdelight:flint_knife":2,"minecraft:bundle":1,"minecraft:andesite":35,"minecraft:stone_bricks":1,"minecraft:spider_eye":1,"minecraft:bow":3,"stalwart_dungeons:wooden_hammer":1},"minecraft:used":{"minecraft:moss_block":12,"minecraft:ladder":8,"minecraft:chest":13,"minecraft:shield":1,"minecraft:iron_sword":610,"minecraft:player_head":1,"minecraft:iron_chestplate":1,"minecraft:jungle_planks":4,"minecraft:carrot":46,"minecraft:jungle_slab":2,"minecraft:yellow_candle":4,"minecraft:hay_block":6,"minecraft:furnace":2,"minecraft:gray_bed":1,"minecraft:egg":1,"minecraft:brick_wall":1,"minecraft:oak_planks":68,"minecraft:golden_apple":2,"minecraft:glow_berries":4,"mutantmonsters:mutant_skeleton_skull":1,"minecraft:green_candle":3,"minecraft:andesite":24,"minecraft:oak_boat":4,"minecraft:experience_bottle":43,"minecraft:spruce_planks":12,"minecraft:cooked_salmon":2,"minecraft:torch":2,"minecraft:dirt":43,"farmersdelight:flint_knife":15,"minecraft:golden_shovel":9,"chococraft:chocobo_drumstick_raw":1,"minecraft:wooden_axe":5,"minecraft:dark_oak_planks":14,"alexsmobs:maggot":2,"minecraft:iron_axe":254,"minecraft:light_gray_wool":1,"minecraft:enchanted_golden_apple":2,"minecraft:cooked_mutton":9,"minecraft:polished_andesite":1,"minecraft:cracked_stone_bricks":1,"minecraft:crafting_table":4,"minecraft:white_bed":4,"minecraft:cake":2,"minecraft:chicken":1,"minecraft:iron_pickaxe":258,"minecraft:map":1,"mmorpg:weapon/staff/iron":29,"minecraft:cobblestone":12,"minecraft:cooked_porkchop":1,"iceandfire:chared_grass":8,"minecraft:splash_potion":3},"minecraft:picked_up":{"minecraft:wooden_axe":5,"minecraft:wheat":12,"minecraft:suspicious_stew":1,"minecraft:stone_slab":1,"minecraft:stone_brick_stairs":3,"mmorpg:skill_gems/aura/dex":1,"paraglider:goddess_statue":3,"minecraft:string":30,"mutantmonsters:mutant_skeleton_skull":2,"minecraft:gold_nugget":78,"mmorpg:gems/tourmaline/0":1,"minecraft:spruce_planks":3,"minecraft:melon_slice":96,"mmorpg:currency/socket_adder":1,"wstweaks:fragment":6,"minecraft:furnace":1,"mmorpg:gems/emerald/0":1,"minecraft:stick":261,"minecraft:torch":58,"minecraft:brick_wall":15,"minecraft:spruce_stairs":6,"minecraft:porkchop":6,"mmorpg:jewelry/necklace/iron":3,"mmorpg:gems/opal/1":1,"minecraft:rabbit_foot":1,"minecraft:orange_bed":1,"minecraft:rotten_flesh":86,"iceandfire:fire_dragon_heart":1,"minecraft:cyan_terracotta":16,"cte_essentials:cloth_1_leggings":1,"chococraft:chocobo_drumstick_raw":1,"supplementaries:ash":1,"minecraft:cobblestone":58,"minecraft:pink_petals":12,"minecraft:feather":8,"minecraft:lilac":2,"minecraft:iron_door":1,"minecraft:andesite":99,"mmorpg:gems/azurite/0":1,"minecraft:potato":2,"alexsmobs:bear_fur":3,"minecraft:lapis_lazuli":7,"minecraft:dirt":79,"minecraft:bone":27,"minecraft:chipped_anvil":1,"minecraft:bow":7,"minecraft:wheat_seeds":6,"minecraft:green_candle":3,"minecraft:moss_block":18,"minecraft:prismarine":1,"minecraft:oak_planks":39,"cte_essentials:plate_0_chestplate":3,"mmorpg:offhand/tome/wood":7,"cte_essentials:leather_0_boots":2,"betterarcheology:evoker_trap":1,"iceandfire:dragon_skull_fire":1,"minecraft:jungle_planks":32,"minecraft:sand":3,"minecraft:acacia_stairs":2,"minecraft:spectral_arrow":1,"minecraft:jungle_slab":2,"cte_essentials:stone_block_0":1,"minecraft:mossy_cobblestone":6,"minecraft:dark_prismarine":7,"mmorpg:gems/garnet/0":1,"minecraft:bundle":1,"minecraft:polished_andesite":3,"stalwart_dungeons:stone_hammer":3,"minecraft:crossbow":2,"alexsmobs:maggot":2,"minecraft:oak_sapling":33,"minecraft:bricks":6,"nethersdelight:hoglin_loin":3,"mmorpg:gems/topaz/1":3,"minecraft:crafting_table":3,"minecraft:azure_bluet":2,"minecraft:chicken":5,"iceandfire:witherbone":4,"minecraft:ladder":5,"minecraft:leather_leggings":1,"minecraft:brown_mushroom":1,"mmorpg:jewelry/ring/iron":1,"minecraft:chain":1,"minecraft:yellow_candle":4,"minecraft:dead_horn_coral_block":1,"minecraft:shield":1,"minecraft:red_bed":1,"minecraft:wooden_sword":2,"minecraft:cracked_stone_bricks":2,"minecraft:netherite_sword":1,"minecraft:beef":2,"minecraft:oak_boat":3,"cte_essentials:cloth_0_helmet":2,"minecraft:player_head":8,"minecraft:spruce_slab":15,"minecraft:light_gray_wool":2,"minecraft:chest":4,"minecraft:egg":3,"minecraft:raw_iron":5,"mmorpg:skill_gems/support/dex":1,"iceandfire:dragonscales_green":19,"iceandfire:dragonbone":12,"cte_essentials:cloth_0_chestplate":1,"iceandfire:chared_grass":8,"minecraft:carrot":24,"minecraft:trident":2,"mmorpg:skill_gems/support/int":6,"cte_essentials:leather_0_chestplate":1,"alexsmobs:leafcutter_ant_pupa":1,"minecraft:prismarine_crystals":4,"minecraft:dark_oak_planks":24,"minecraft:arrow":20,"minecraft:beetroot_seeds":17,"minecraft:decorated_pot":2,"iceandfire:chared_dirt":47,"minecraft:hay_block":10,"minecraft:pink_tulip":2,"mmorpg:currency/level_up_orb":1,"minecraft:mutton":8,"minecraft:glow_berries":3,"minecraft:white_wool":1,"minecraft:netherite_boots":1,"minecraft:tripwire_hook":1,"minecraft:leather":11,"cte_essentials:cloth_1_chestplate":2,"minecraft:red_mushroom":2,"minecraft:acacia_wood":5,"doggytalents:rice_grains":5,"waystones:sandy_waystone":1,"minecraft:oak_log":85,"minecraft:gunpowder":14,"mutantmonsters:mutant_skeleton_limb":2,"farmersdelight:flint_knife":4,"chococraft:gysahl_green":4,"bountiful:bounty":3,"minecraft:apple":1,"minecraft:stone_bricks":26,"minecraft:spruce_wood":14,"minecraft:iron_ingot":17,"lightmanscurrency:coin_iron":97,"minecraft:gray_bed":1,"minecraft:iron_sword":8,"iceandfire:fire_dragon_flesh":1,"minecraft:polished_andesite_stairs":2,"cte_essentials:plate_0_boots":1,"minecraft:red_wool":2,"mmorpg:stat_soul":5,"chococraft:gysahl_green_seeds":3,"minecraft:spruce_sapling":3,"minecraft:white_bed":5,"minecraft:spruce_log":20,"mmorpg:weapon/staff/iron":2,"minecraft:spider_eye":5,"lightmanscurrency:coin_copper":255,"mmorpg:offhand/dodge/wood":1,"minecraft:oak_wood":2,"minecraft:pumpkin_seeds":4,"minecraft:iron_helmet":1,"minecraft:cherry_sapling":2,"minecraft:melon_seeds":12,"iceandfire:chared_gravel":32,"minecraft:coal":13,"minecraft:ender_pearl":5},"minecraft:killed_by":{"minecraft:wither_skeleton":7,"minecraft:creeper":2,"mutantmonsters:mutant_creeper":1,"minecraft:zombie":9,"iceandfire:fire_dragon":1,"minecraft:spider":3,"minecraft:enderman":1,"monsterplus:overgrown_skeleton":3,"minecraft:hoglin":2},"minecraft:mined":{"minecraft:dark_oak_planks":4,"minecraft:spruce_planks":1,"minecraft:white_bed":4,"minecraft:jungle_slab":5,"minecraft:jungle_leaves":1,"minecraft:cave_vines_plant":5,"minecraft:grass_block":6,"minecraft:spawner":1,"minecraft:iron_ore":5,"minecraft:fire":1,"chococraft:gysahl_green":3,"minecraft:cave_vines":5,"minecraft:flowering_azalea_leaves":2,"minecraft:smooth_sandstone_stairs":2,"minecraft:spruce_wood":5,"minecraft:azalea_leaves":7,"minecraft:brain_coral_block":1,"minecraft:player_head":1,"minecraft:spruce_slab":1,"minecraft:orange_bed":1,"minecraft:red_bed":1,"betterarcheology:rotten_log":26,"betterarcheology:rotten_slab":4,"betterarcheology:rotten_stairs":4,"minecraft:melon":11,"minecraft:chest":3,"minecraft:cobblestone":6,"minecraft:prismarine":1,"minecraft:oak_planks":8,"minecraft:bricks":7,"minecraft:iron_door":1,"mutantmonsters:mutant_skeleton_skull":1,"minecraft:stone_brick_stairs":2,"minecraft:grass":9,"minecraft:oak_log":85,"minecraft:sand":3,"minecraft:dirt":9,"minecraft:tripwire_hook":1,"minecraft:oak_leaves":24,"minecraft:horn_coral_block":1,"minecraft:dark_prismarine":7,"minecraft:sea_lantern":2,"minecraft:ladder":5,"minecraft:yellow_candle":1,"minecraft:decorated_pot":2,"minecraft:jungle_planks":32,"minecraft:brick_stairs":1,"minecraft:spruce_leaves":3,"minecraft:moss_block":13,"minecraft:red_mushroom":1,"minecraft:hay_block":10,"minecraft:furnace":1,"minecraft:acacia_wood":1,"minecraft:andesite":55,"minecraft:green_candle":1,"minecraft:stone":65,"minecraft:hanging_roots":1,"minecraft:brick_wall":8,"minecraft:dandelion":1,"minecraft:smooth_sandstone":4,"minecraft:crafting_table":3,"minecraft:oak_wood":3,"minecraft:stone_slab":1,"betterarcheology:loot_vase_creeper":4,"minecraft:gray_bed":1,"minecraft:spruce_log":21,"minecraft:birch_leaves":4,"betterarcheology:loot_vase_green":5,"minecraft:coal_ore":11,"betterarcheology:evoker_trap":1,"minecraft:cobweb":3,"minecraft:cracked_stone_bricks":1,"minecraft:stone_bricks":13,"minecraft:polished_andesite":2,"minecraft:chipped_anvil":1,"minecraft:fern":2,"paraglider:goddess_statue":3},"minecraft:killed":{"minecraft:witch":1,"minecraft:spider":25,"kobolds:kobold_rascal":1,"minecraft:skeleton":11,"monsterplus:glow_skeleton":1,"alexsmobs:leafcutter_ant":1,"minecraft:chicken":5,"minecraft:pig":2,"alexsmobs:grizzly_bear":3,"minecraft:zombie_villager":2,"riskofrain_mobs:lemurian_entity":2,"minecraft:creeper":8,"minecraft:sheep":5,"minecraft:zombie":50,"alexsmobs:fly":1,"minecraft:cow":1,"chococraft:chocobo":1,"minecraft:vindicator":1,"alexsmobs:seagull":1,"minecraft:horse":7,"minecraft:drowned":2,"minecraft:hoglin":1,"alexsmobs:gelada_monkey":8,"mutantmonsters:creeper_minion":11,"minecraft:wither_skeleton":2,"monsterplus:overgrown_skeleton":2},"minecraft:crafted":{"minecraft:oak_planks":278,"minecraft:chest":11,"sophisticatedbackpacks:backpack":1,"minecraft:crafting_table":2,"minecraft:spruce_planks":21,"mmorpg:soul_cleaner":1,"minecraft:gold_ingot":16,"minecraft:furnace":1,"minecraft:ladder":3,"sophisticatedbackpacks:iron_backpack":1,"sophisticatedbackpacks:gold_backpack":1,"minecraft:air":126,"minecraft:oak_boat":2}},"DataVersion":3465}