{"stats":{"minecraft:broken":{"cte_essentials:cloth_0_boots":1,"cte_essentials:cloth_0_leggings":1,"cte_essentials:plate_0_helmet":1,"minecraft:iron_boots":1,"cte_essentials:plate_1_leggings":1,"cte_essentials:leather_0_helmet":1,"minecraft:trident":1,"cte_essentials:plate_2_chestplate":1,"cte_essentials:plate_1_helmet":1,"stalwart_dungeons:wooden_hammer":1,"minecraft:iron_pickaxe":3},"minecraft:killed_by":{"minecraft:creeper":2,"minecraft:drowned":2,"iceandfire:sea_serpent":1,"minecraft:silverfish":1,"minecraft:zombie":4,"minecraft:player":2,"minecraft:spider":1,"minecraft:enderman":1,"monsterplus:overgrown_skeleton":2,"minecraft:skeleton":1},"minecraft:dropped":{"minecraft:iron_sword":2,"iceandfire:raw_silver":2,"minecraft:moss_block":1,"mmorpg:skill_gems/support/str":1,"minecraft:oak_log":3,"lightmanscurrency:coin_copper":60,"minecraft:chorus_fruit":1,"minecraft:ender_pearl":2,"minecraft:crossbow":2,"minecraft:glow_berries":1,"minecraft:rooted_dirt":1,"iceandfire:tide_trident":1,"minecraft:honeycomb":3,"minecraft:jungle_planks":8,"minecraft:gold_block":1,"minecraft:dirt":4,"cte_essentials:cloth_1_leggings":1,"minecraft:gold_nugget":1,"minecraft:wooden_sword":4,"minecraft:bone_block":12,"minecraft:iron_pickaxe":1,"ftbquests:book":1,"cte_essentials:stone_block_0":1,"minecraft:gold_ingot":1,"cte_essentials:plate_0_helmet":1,"minecraft:bone":32,"minecraft:note_block":1,"cte_essentials:leather_2_leggings":1,"minecraft:blackstone":2,"mmorpg:offhand/dodge/wood":1,"minecraft:golden_chestplate":1,"minecraft:cobbled_deepslate":4,"mmorpg:gems/sapphire/0":2,"cte_essentials:plate_1_leggings":1,"minecraft:wheat":2,"minecraft:pointed_dripstone":2,"minecraft:obsidian":3,"minecraft:rotten_flesh":13,"minecraft:oak_planks":1,"minecraft:glowstone_dust":2,"mmorpg:weapon/staff/diamond":1,"mmorpg:weapon/staff/iron":1,"minecraft:trident":2,"minecraft:gunpowder":2,"cte_essentials:cloth_0_helmet":3,"minecraft:hopper":1,"cte_essentials:cloth_5_helmet":1,"minecraft:chest":5,"doggytalents:rice_grains":7,"minecraft:spruce_slab":1,"minecraft:arrow":14,"minecraft:glass":1,"minecraft:enchanted_book":4,"minecraft:iron_ingot":69,"minecraft:vine":2,"minecraft:wheat_seeds":3,"minecraft:golden_helmet":2,"mmorpg:offhand/dodge/iron":1,"mmorpg:skill_gems/support/dex":1,"minecraft:netherite_axe":1,"minecraft:cobblestone":15,"minecraft:spectral_arrow":4,"mmorpg:skill_gems/support/int":1,"mmorpg:weapon/staff/wood":2,"minecraft:stick":2,"minecraft:iron_block":1,"mmorpg:potion/health/0":2,"minecraft:golden_carrot":1,"minecraft:torch":10,"minecraft:wooden_axe":2,"minecraft:melon_slice":1,"minecraft:oak_stairs":1,"minecraft:iron_shovel":2,"minecraft:string":3,"cte_essentials:leather_1_helmet":1,"alexsmobs:maggot":1,"mmorpg:rare_mats/mining/lesser":2,"minecraft:coarse_dirt":111,"minecraft:stone_sword":1,"minecraft:cocoa_beans":14,"minecraft:deepslate":2,"minecraft:tuff":1,"cte_essentials:plate_2_helmet":1,"mmorpg:runes/nos":1,"farmersdelight:straw":1,"minecraft:glass_pane":12,"cte_essentials:cloth_1_helmet":1,"lightmanscurrency:coin_gold":5,"securitycraft:universal_block_remover":1,"farmersdelight:flint_knife":2,"minecraft:oak_button":10,"mmorpg:gems/ruby/0":2,"minecraft:waxed_cut_copper":5,"cte_essentials:leather_2_chestplate":1,"minecraft:spruce_planks":4,"minecraft:iron_chestplate":1,"minecraft:andesite":8,"minecraft:oak_sapling":2,"minecraft:spider_eye":2,"cte_essentials:cloth_0_boots":1,"minecraft:bamboo":7,"lightmanscurrency:coin_iron":20,"minecraft:bow":1,"minecraft:wooden_pickaxe":1,"minecraft:raw_gold":1,"securitycraft:universal_block_reinforcer_lvl1":1,"mmorpg:gems/amethyst/0":4,"chococraft:gysahl_green":12,"cte_essentials:cloth_0_leggings":2},"minecraft:crafted":{"minecraft:oak_planks":80,"minecraft:stone":8,"securitycraft:keypad_item":1,"minecraft:heavy_weighted_pressure_plate":1,"securitycraft:laser_block":1,"minecraft:glass":12,"minecraft:chest":10,"securitycraft:briefcase":1,"minecraft:oak_button":10,"sophisticatedbackpacks:backpack":1,"minecraft:crafting_table":5,"minecraft:jungle_boat":2,"minecraft:wooden_pickaxe":2,"minecraft:stick":104,"minecraft:iron_ingot":80,"minecraft:iron_pickaxe":4,"minecraft:gold_ingot":3,"minecraft:shears":1,"securitycraft:universal_block_reinforcer_lvl1":1,"minecraft:redstone":9,"minecraft:stone_button":8,"minecraft:glass_pane":16,"minecraft:iron_axe":2,"securitycraft:universal_block_remover":1,"minecraft:stone_pickaxe":1,"minecraft:redstone_block":2,"iceandfire:tide_trident":1,"minecraft:air":190,"minecraft:jungle_planks":82,"minecraft:gold_nugget":27,"minecraft:iron_shovel":1,"minecraft:torch":68},"minecraft:used":{"iceandfire:tide_trident":3,"minecraft:iron_shovel":178,"minecraft:chest":4,"minecraft:shield":3,"minecraft:iron_sword":19,"securitycraft:keypad_item":1,"minecraft:jungle_planks":73,"minecraft:carrot":15,"minecraft:glass":5,"minecraft:furnace":1,"minecraft:egg":2,"stalwart_dungeons:wooden_hammer":30,"cte_essentials:plate_2_helmet":2,"minecraft:stone_pickaxe":25,"minecraft:blackstone":17,"minecraft:ender_pearl":1,"minecraft:wooden_pickaxe":11,"minecraft:jungle_boat":6,"minecraft:glow_berries":3,"securitycraft:universal_block_remover":1,"cte_essentials:cloth_1_helmet":1,"minecraft:melon_slice":30,"create:asurine":1,"minecraft:wooden_sword":30,"minecraft:andesite":2,"securitycraft:briefcase":3,"minecraft:white_concrete":1,"minecraft:coarse_dirt":49,"minecraft:trident":530,"minecraft:torch":87,"minecraft:dirt":298,"paraglider:horned_statue":2,"minecraft:iron_axe":33,"minecraft:golden_carrot":2,"minecraft:cobbled_deepslate":3,"minecraft:crafting_table":14,"minecraft:red_bed":4,"minecraft:campfire":1,"minecraft:iron_pickaxe":668,"minecraft:fishing_rod":1,"minecraft:cobblestone":2},"minecraft:custom":{"minecraft:blood":0,"lootr:looted_stat":40,"minecraft:dexterity":11,"minecraft:interact_with_crafting_table":64,"minecraft:leave_game":10,"minecraft:time_since_death":28523,"minecraft:damage_resisted":0,"minecraft:sprint_one_cm":605190,"minecraft:damage_blocked_by_shield":21,"minecraft:drop":253,"minecraft:health":371,"minecraft:play_noteblock":2,"minecraft:talked_to_villager":1,"minecraft:play_time":280442,"minecraft:deaths":19,"minecraft:jump":4748,"minecraft:energy":140,"minecraft:walk_on_water_one_cm":33215,"minecraft:interact_with_furnace":29,"minecraft:intelligence":5,"minecraft:sleep_in_bed":4,"minecraft:levels_gained":10,"minecraft:waystone_activated":1,"minecraft:damage_dealt":43189,"minecraft:crouch_one_cm":39970,"minecraft:mob_kills":188,"minecraft:inspect_hopper":4,"minecraft:damage_dealt_resisted":0,"minecraft:climb_one_cm":24372,"minecraft:mana":152,"minecraft:magic_shield":0,"minecraft:walk_one_cm":712356,"minecraft:damage_dealt_absorbed":50,"minecraft:sneak_time":10889,"minecraft:walk_under_water_one_cm":37779,"minecraft:total_world_time":280442,"minecraft:move_speed":0,"minecraft:tune_noteblock":5,"minecraft:time_since_rest":28567,"minecraft:damage_taken":15376,"minecraft:damage_absorbed":4700,"minecraft:swim_one_cm":50120,"minecraft:fly_one_cm":761309,"minecraft:open_chest":116,"minecraft:strength":14,"minecraft:fall_one_cm":149277},"minecraft:picked_up":{"minecraft:wooden_axe":1,"minecraft:wheat":2,"mmorpg:gems/sapphire/0":2,"cte_essentials:plate_2_helmet":1,"minecraft:enchanted_book":4,"cte_essentials:plate_0_helmet":2,"minecraft:string":14,"minecraft:gold_nugget":1,"minecraft:cobbled_deepslate":33,"minecraft:spruce_planks":4,"minecraft:iron_pickaxe":1,"alexsmobs:raccoon_tail":1,"minecraft:melon_slice":32,"mmorpg:gems/amethyst/0":6,"minecraft:golden_helmet":1,"mmorpg:gems/emerald/0":1,"minecraft:stick":14,"minecraft:torch":69,"minecraft:spruce_stairs":1,"minecraft:pointed_dripstone":2,"minecraft:vine":3,"cte_essentials:plate_0_leggings":1,"cte_essentials:cloth_0_boots":1,"minecraft:stone_sword":1,"minecraft:rotten_flesh":41,"cte_essentials:plate_2_chestplate":1,"minecraft:iron_block":13,"create:asurine":21,"create:veridium":39,"cte_essentials:cloth_1_leggings":1,"minecraft:waxed_cut_copper":5,"minecraft:obsidian":2,"minecraft:cobblestone":308,"minecraft:magma_block":35,"minecraft:andesite":18,"stalwart_dungeons:wooden_hammer":4,"cte_essentials:leather_1_leggings":1,"minecraft:jungle_log":7,"cte_essentials:leather_1_helmet":1,"cte_essentials:leather_0_helmet":1,"minecraft:tuff":1,"create:raw_zinc":26,"alexsmobs:rocky_shell":1,"minecraft:lapis_lazuli":134,"minecraft:dirt":419,"minecraft:lantern":1,"securitycraft:reinforced_stone_button":8,"minecraft:bone":45,"minecraft:glass":1,"minecraft:bow":2,"minecraft:wheat_seeds":11,"minecraft:raw_gold":6,"ftbquests:book":1,"minecraft:netherite_axe":1,"minecraft:glowstone_dust":2,"minecraft:bamboo":7,"minecraft:moss_block":1,"cte_essentials:leather_2_leggings":1,"minecraft:oak_planks":32,"mmorpg:potion/health/0":2,"mmorpg:skill_gems/support/str":1,"mmorpg:offhand/tome/wood":3,"cte_essentials:leather_0_boots":1,"iceandfire:dragonscales_sapphire":5,"minecraft:jungle_planks":84,"minecraft:sand":12,"minecraft:spectral_arrow":6,"cte_essentials:stone_block_0":1,"mmorpg:rare_mats/mining/greater":1,"minecraft:diamond":34,"minecraft:deepslate":4,"mmorpg:gems/ruby/0":1,"minecraft:crossbow":3,"mmorpg:rare_mats/mining/lesser":6,"minecraft:white_concrete":1,"minecraft:rooted_dirt":2,"minecraft:emerald":4,"alexsmobs:maggot":1,"iceandfire:tide_trident":1,"minecraft:oak_sapling":3,"minecraft:chorus_fruit":1,"iceandfire:raw_silver":2,"minecraft:coarse_dirt":96,"minecraft:crafting_table":7,"mmorpg:jewelry/ring/iron":6,"minecraft:shield":3,"cte_essentials:cloth_0_leggings":20,"minecraft:red_bed":4,"minecraft:wooden_sword":3,"minecraft:iron_shovel":1,"minecraft:blackstone":19,"minecraft:glass_pane":12,"minecraft:beef":14,"farmersdelight:straw":1,"cte_essentials:cloth_0_helmet":4,"minecraft:spruce_slab":1,"cte_essentials:plate_1_helmet":1,"minecraft:chest":1,"minecraft:egg":2,"mmorpg:skill_gems/support/dex":1,"minecraft:raw_iron":75,"iceandfire:dragonbone":4,"minecraft:note_block":1,"minecraft:redstone":70,"minecraft:carrot":1,"minecraft:trident":10,"mmorpg:skill_gems/support/int":4,"cte_essentials:leather_0_chestplate":1,"mmorpg:runes/nos":1,"iceandfire:sea_serpent_scales_purple":41,"minecraft:arrow":44,"minecraft:decorated_pot":2,"minecraft:gold_ingot":1,"paraglider:horned_statue":3,"minecraft:glow_berries":4,"minecraft:bone_block":12,"minecraft:jungle_boat":5,"iceandfire:sea_serpent_fang":6,"minecraft:glow_ink_sac":4,"minecraft:leather":6,"doggytalents:rice_grains":17,"chococraft:chocobo_saddle":1,"minecraft:oak_log":29,"securitycraft:keypad_chest":1,"minecraft:gunpowder":9,"farmersdelight:flint_knife":3,"chococraft:chocobo_feather":1,"chococraft:gysahl_green":20,"minecraft:iron_ingot":32,"cte_essentials:cloth_2_boots":1,"cte_essentials:leather_2_helmet":1,"lightmanscurrency:coin_iron":44,"minecraft:iron_sword":1,"mmorpg:stat_soul":11,"minecraft:white_bed":1,"mmorpg:weapon/staff/wood":7,"minecraft:spider_eye":2,"lightmanscurrency:coin_copper":146,"minecraft:stone_axe":1,"lightmanscurrency:coin_gold":5,"cte_essentials:plate_1_leggings":15,"iceandfire:sea_serpent_scales_red":5,"iceandfire:ice_dragon_flesh":4,"minecraft:oak_button":10,"cte_essentials:leather_1_chestplate":1,"minecraft:coal":36,"minecraft:hopper":1,"minecraft:ender_pearl":8},"minecraft:mined":{"create:deepslate_zinc_ore":8,"minecraft:spruce_planks":4,"minecraft:white_bed":1,"minecraft:jungle_leaves":11,"minecraft:grass_block":127,"minecraft:jungle_log":7,"minecraft:white_concrete":1,"minecraft:hopper":2,"minecraft:magma_block":29,"minecraft:glowstone":1,"minecraft:iron_ore":55,"minecraft:deepslate_lapis_ore":8,"create:asurine":22,"minecraft:iron_block":16,"create:veridium":38,"minecraft:spruce_slab":1,"minecraft:deepslate_redstone_ore":10,"minecraft:red_bed":4,"minecraft:blackstone":9,"minecraft:powder_snow":5,"minecraft:note_block":1,"minecraft:torch":58,"minecraft:melon":6,"minecraft:cobblestone":8,"minecraft:wall_torch":6,"minecraft:jungle_wood":3,"paraglider:horned_statue":3,"minecraft:grass":73,"minecraft:oak_log":6,"minecraft:sand":12,"minecraft:dirt":30,"minecraft:oak_leaves":13,"minecraft:deepslate":27,"create:zinc_ore":17,"minecraft:tuff":5,"iceandfire:silver_ore":2,"minecraft:deepslate_diamond_ore":31,"minecraft:decorated_pot":2,"minecraft:moss_block":1,"minecraft:redstone_ore":8,"minecraft:andesite":19,"minecraft:deepslate_iron_ore":21,"minecraft:vine":1,"minecraft:bamboo":2,"minecraft:stone":283,"minecraft:bone_block":6,"minecraft:brown_carpet":1,"minecraft:crafting_table":7,"minecraft:emerald_ore":4,"minecraft:lapis_ore":11,"minecraft:deepslate_gold_ore":5,"minecraft:spruce_stairs":1,"minecraft:coarse_dirt":19,"minecraft:coal_ore":34,"minecraft:gravel":3,"minecraft:dripstone_block":1,"minecraft:cobweb":7,"minecraft:stone_bricks":1,"minecraft:gold_ore":1,"minecraft:fern":2},"minecraft:killed":{"minecraft:witch":1,"minecraft:spider":12,"monsterplus:crystal_zombie":8,"creeperoverhaul:bamboo_creeper":1,"minecraft:skeleton":35,"monsterplus:glow_skeleton":8,"alexsmobs:leafcutter_ant":4,"alexsmobs:capuchin_monkey":1,"creeperoverhaul:jungle_creeper":1,"riskofrain_mobs:lemurian_entity":1,"minecraft:creeper":16,"minecraft:sheep":1,"minecraft:zombie":42,"minecraft:cow":7,"iceandfire:sea_serpent":1,"alexsmobs:raccoon":2,"mmorpg:zombie":2,"minecraft:drowned":4,"alexsmobs:rocky_roller":2,"minecraft:husk":2,"minecraft:bat":4,"alexsmobs:rhinoceros":1,"iceandfire:ice_dragon":1,"mutantmonsters:mutant_zombie":1,"monsterplus:overgrown_skeleton":16,"minecraft:enderman":5}},"DataVersion":3465}