{"stats":{"minecraft:crafted":{"securitycraft:keypad_item":1,"minecraft:cooked_mutton":23,"minecraft:glass":12,"securitycraft:briefcase":1,"minecraft:jungle_boat":2,"minecraft:copper_ingot":15,"iceandfire:dragonbone_sword_ice":1,"minecraft:stone_slab":6,"minecraft:iron_pickaxe":4,"minecraft:iron_block":3,"minecraft:gold_ingot":51,"securitycraft:universal_block_remover":1,"minecraft:stone_pickaxe":1,"minecraft:redstone_block":2,"iceandfire:dragonbone_sword":1,"minecraft:netherite_pickaxe":1,"sophisticatedbackpacks:gold_backpack":1,"minecraft:iron_shovel":1,"minecraft:grindstone":1,"minecraft:oak_planks":104,"minecraft:stone":8,"minecraft:heavy_weighted_pressure_plate":1,"securitycraft:laser_block":1,"minecraft:chest":10,"minecraft:oak_button":10,"sophisticatedbackpacks:backpack":1,"minecraft:crafting_table":7,"minecraft:spruce_planks":2,"minecraft:wooden_pickaxe":2,"minecraft:diamond_pickaxe":3,"sophisticatedbackpacks:diamond_backpack":1,"minecraft:stick":108,"minecraft:iron_ingot":80,"minecraft:shears":1,"securitycraft:universal_block_reinforcer_lvl1":1,"minecraft:redstone":9,"minecraft:stone_button":8,"minecraft:glass_pane":16,"minecraft:iron_axe":2,"minecraft:cooked_beef":11,"iceandfire:tide_trident":1,"minecraft:bucket":1,"minecraft:air":198,"minecraft:jungle_planks":82,"minecraft:gold_nugget":27,"minecraft:anvil":1,"minecraft:torch":68,"minecraft:diamond_chestplate":2},"minecraft:killed":{"minecraft:skeleton":89,"monsterplus:glow_skeleton":14,"alexsmobs:leafcutter_ant":4,"minecraft:chicken":2,"alexsmobs:capuchin_monkey":1,"creeperoverhaul:jungle_creeper":1,"minecraft:parrot":2,"riskofrain_mobs:lemurian_entity":7,"stalwart_dungeons:giddy_blaze":1,"minecraft:pillager":7,"minecraft:zombie":133,"iceandfire:sea_serpent":1,"minecraft:cow":7,"alexsmobs:raccoon":4,"minecraft:vindicator":7,"minecraft:horse":1,"stalwart_dungeons:nether_wart_cocoon":1,"mmorpg:zombie":2,"alexsmobs:rocky_roller":2,"minecraft:husk":2,"alexsmobs:rhinoceros":1,"iceandfire:ice_dragon":1,"monsterplus:overgrown_skeleton":19,"minecraft:enderman":8,"minecraft:witch":2,"minecraft:spider":48,"monsterplus:crystal_zombie":14,"creeperoverhaul:bamboo_creeper":1,"minecraft:piglin":4,"minecraft:pig":1,"alexsmobs:grizzly_bear":1,"minecraft:zombie_villager":2,"minecraft:creeper":53,"alexsmobs:crimson_mosquito":2,"minecraft:sheep":6,"minecraft:trader_llama":1,"aquaculture:minnow":1,"minecraft:stray":1,"alexsmobs:fly":1,"minecraft:blaze":3,"minecraft:vex":1,"aquaculture:bluegill":1,"minecraft:slime":3,"minecraft:phantom":2,"minecraft:drowned":5,"minecraft:bat":4,"minecraft:hoglin":1,"mutantmonsters:mutant_zombie":1,"minecraft:wither_skeleton":8},"minecraft:mined":{"minecraft:dark_oak_planks":2,"minecraft:red_nether_brick_slab":1,"minecraft:white_bed":1,"minecraft:jungle_leaves":11,"minecraft:red_nether_bricks":1,"minecraft:chiseled_polished_blackstone":1,"minecraft:jungle_log":7,"minecraft:hopper":2,"minecraft:nether_wart":68,"minecraft:polished_blackstone_bricks":52,"minecraft:magma_block":70,"minecraft:fire":2,"minecraft:deepslate_lapis_ore":8,"minecraft:iron_block":16,"create:veridium":38,"minecraft:red_bed":4,"minecraft:crimson_nylium":12,"minecraft:smoker":2,"minecraft:powder_snow":5,"minecraft:note_block":1,"minecraft:torch":95,"minecraft:blast_furnace":1,"minecraft:melon":6,"minecraft:nether_brick_slab":3,"minecraft:sugar_cane":1,"minecraft:jungle_wood":3,"paraglider:horned_statue":3,"minecraft:grass":82,"minecraft:deepslate":31,"create:zinc_ore":17,"minecraft:yellow_terracotta":12,"iceandfire:silver_ore":2,"minecraft:nether_bricks":19,"minecraft:moss_block":1,"minecraft:redstone_ore":8,"minecraft:green_terracotta":1,"minecraft:andesite":32,"minecraft:vine":1,"minecraft:bamboo":2,"minecraft:bone_block":18,"minecraft:soul_sand":1,"minecraft:brown_carpet":1,"minecraft:dandelion":1,"minecraft:emerald_ore":5,"minecraft:deepslate_gold_ore":5,"minecraft:coarse_dirt":19,"minecraft:spruce_log":3,"iceandfire:silver_pile":1,"minecraft:gravel":5,"minecraft:dripstone_block":1,"minecraft:cobweb":7,"minecraft:stone_bricks":1,"minecraft:gold_ore":11,"minecraft:chipped_anvil":2,"minecraft:fern":2,"create:deepslate_zinc_ore":8,"minecraft:spruce_planks":8,"minecraft:grass_block":134,"minecraft:cracked_polished_blackstone_bricks":34,"minecraft:white_concrete":1,"minecraft:smooth_stone":1,"minecraft:glowstone":1,"minecraft:iron_ore":91,"create:asurine":22,"chococraft:gysahl_green":1,"minecraft:spruce_slab":2,"minecraft:deepslate_redstone_ore":10,"minecraft:blackstone":15,"stalwart_dungeons:transient_block_close":1,"minecraft:nether_quartz_ore":216,"minecraft:cobblestone":8,"minecraft:slime_block":2,"minecraft:wall_torch":19,"minecraft:nether_wart_block":1,"minecraft:oak_log":6,"minecraft:lime_terracotta":8,"minecraft:sand":12,"minecraft:dirt":43,"minecraft:netherrack":997,"minecraft:oak_leaves":17,"minecraft:nether_gold_ore":1,"minecraft:diamond_ore":1,"minecraft:tuff":5,"farmersdelight:onions":48,"minecraft:deepslate_diamond_ore":31,"iceandfire:frozen_cobblestone":11,"iceandfire:frozen_stone":10,"minecraft:decorated_pot":2,"minecraft:sandstone":1,"minecraft:cracked_nether_bricks":1,"minecraft:hay_block":8,"create:scorchia":7,"minecraft:gold_block":13,"minecraft:bookshelf":8,"minecraft:deepslate_iron_ore":21,"minecraft:packed_ice":16,"minecraft:stone":396,"minecraft:basalt":4,"minecraft:crafting_table":8,"minecraft:lapis_ore":17,"minecraft:spruce_stairs":2,"minecraft:birch_planks":2,"minecraft:ice":1,"minecraft:coal_ore":82,"paraglider:goddess_statue":1},"minecraft:killed_by":{"minecraft:piglin_brute":1,"minecraft:pillager":1,"minecraft:vindicator":1,"minecraft:zombie":12,"stalwart_dungeons:giddy_blaze":2,"minecraft:wither_skeleton":2,"minecraft:creeper":6,"minecraft:drowned":2,"iceandfire:sea_serpent":1,"minecraft:silverfish":1,"mutantmonsters:creeper_minion":1,"minecraft:blaze":1,"minecraft:player":4,"minecraft:spider":4,"minecraft:enderman":2,"iceandfire:gorgon":1,"monsterplus:overgrown_skeleton":3,"minecraft:skeleton":6,"minecraft:phantom":1},"minecraft:dropped":{"cte_essentials:leather_1_chestplate":1,"farmersdelight:iron_knife":1,"minecraft:iron_sword":3,"iceandfire:raw_silver":2,"mmorpg:skill_gems/support/str":3,"mmorpg:stone/0":9,"minecraft:glow_ink_sac":1,"minecraft:chorus_fruit":1,"minecraft:glass_bottle":3,"minecraft:diamond":12,"minecraft:crafting_table":1,"minecraft:crossbow":4,"minecraft:glow_berries":1,"minecraft:rooted_dirt":1,"cte_essentials:cloth_1_boots":1,"nethersdelight:hoglin_loin":8,"minecraft:emerald":27,"minecraft:gold_block":1,"minecraft:dirt":85,"mmorpg:gems/emerald/0":1,"blue_skies:cooked_grittle_flatfish":1,"minecraft:wooden_sword":10,"minecraft:gold_nugget":5,"minecraft:bone_block":12,"minecraft:phantom_membrane":1,"minecraft:sand":24,"minecraft:iron_pickaxe":1,"minecraft:dark_oak_planks":1,"minecraft:white_wool":3,"minecraft:fishing_rod":1,"cte_essentials:stone_block_0":1,"cte_essentials:plate_0_helmet":3,"minecraft:bone":61,"farmersdelight:mutton_chops":2,"minecraft:note_block":1,"cte_essentials:leather_2_leggings":1,"mmorpg:offhand/dodge/wood":2,"minecraft:sugar_cane":2,"minecraft:golden_chestplate":1,"minecraft:cobbled_deepslate":30,"cte_essentials:plate_1_leggings":1,"minecraft:wheat":2,"minecraft:obsidian":3,"minecraft:rotten_flesh":80,"minecraft:oak_planks":1,"minecraft:glowstone_dust":2,"minecraft:eye_armor_trim_smithing_template":2,"mmorpg:weapon/staff/iron":1,"minecraft:coal_ore":2,"cte_essentials:cloth_0_helmet":3,"minecraft:hopper":1,"minecraft:leather_boots":2,"minecraft:leather_leggings":2,"minecraft:spruce_slab":2,"minecraft:glass":1,"mmorpg:stone/2":2,"cte_essentials:leather_1_boots":1,"minecraft:enchanted_book":4,"minecraft:iron_ingot":75,"mmorpg:stat_soul":7,"minecraft:netherite_pickaxe":2,"minecraft:wheat_seeds":4,"mmorpg:offhand/dodge/iron":1,"blue_skies:moonstone":1,"minecraft:yellow_terracotta":6,"minecraft:feather":6,"minecraft:cobblestone":79,"minecraft:book":1,"chococraft:gysahl_green_seeds":1,"mmorpg:skill_gems/support/int":1,"minecraft:coal":4,"minecraft:golden_carrot":1,"minecraft:wooden_axe":3,"minecraft:diamond_helmet":2,"minecraft:oak_stairs":1,"minecraft:smooth_stone":1,"minecraft:iron_shovel":2,"minecraft:string":3,"iceandfire:silver_nugget":8,"minecraft:soul_soil":9,"minecraft:green_terracotta":11,"minecraft:stone_sword":1,"minecraft:cocoa_beans":14,"minecraft:bowl":1,"minecraft:deepslate":6,"minecraft:chicken":2,"minecraft:iron_boots":1,"cte_essentials:plate_2_helmet":1,"iceandfire:dragon_skull_ice":1,"minecraft:stone_slab":5,"farmersdelight:straw":1,"minecraft:nether_bricks":4,"minecraft:spruce_fence":1,"lightmanscurrency:coin_gold":5,"cte_essentials:cloth_1_chestplate":2,"minecraft:potato":1,"minecraft:stone":12,"minecraft:waxed_cut_copper":5,"cte_essentials:leather_2_chestplate":1,"minecraft:spruce_planks":6,"minecraft:diamond_pickaxe":2,"mmorpg:offhand/tome/wood":2,"mmorpg:currency/affix_tier_up_down":1,"minecraft:spider_eye":6,"minecraft:bamboo":7,"cte_essentials:cloth_0_boots":2,"lightmanscurrency:coin_iron":24,"minecraft:bow":2,"iceandfire:sea_serpent_fang":6,"mmorpg:gems/amethyst/0":4,"cte_essentials:cloth_0_leggings":2,"minecraft:crimson_nylium":4,"minecraft:moss_block":1,"minecraft:soul_sand":1,"minecraft:birch_planks":2,"minecraft:oak_log":3,"lightmanscurrency:coin_copper":196,"minecraft:ender_pearl":2,"minecraft:lime_terracotta":11,"alexsmobs:rocky_shell":1,"minecraft:leather":3,"iceandfire:tide_trident":1,"minecraft:honeycomb":3,"minecraft:jungle_planks":8,"minecraft:cracked_polished_blackstone_bricks":2,"minecraft:mutton":1,"minecraft:crimson_roots":1,"cte_essentials:cloth_1_leggings":1,"minecraft:coast_armor_trim_smithing_template":1,"minecraft:snowball":48,"farmersdelight:onion":176,"minecraft:gilded_blackstone":1,"ftbquests:book":1,"minecraft:gold_ingot":1,"cte_essentials:leather_2_helmet":2,"minecraft:gravel":2,"minecraft:white_tulip":1,"minecraft:blackstone":5,"mmorpg:gems/sapphire/0":3,"minecraft:pointed_dripstone":2,"paraglider:goddess_statue":1,"cte_essentials:plate_0_chestplate":4,"cte_essentials:cloth_4_chestplate":1,"mmorpg:weapon/staff/diamond":1,"minecraft:leather_chestplate":1,"supplementaries:ash":2,"minecraft:trident":16,"minecraft:gunpowder":43,"aquamirae:esca":2,"minecraft:melon_seeds":2,"cte_essentials:cloth_5_helmet":1,"minecraft:chest":5,"doggytalents:rice_grains":9,"minecraft:iron_bars":2,"minecraft:arrow":90,"minecraft:vine":7,"minecraft:golden_helmet":2,"mmorpg:skill_gems/support/dex":3,"minecraft:diamond_leggings":1,"minecraft:netherite_axe":1,"minecraft:golden_axe":1,"stalwart_dungeons:iron_hammer":1,"minecraft:spectral_arrow":5,"mmorpg:skill_gems/aura/int":1,"minecraft:spruce_stairs":2,"minecraft:grass_block":3,"mmorpg:weapon/staff/wood":3,"minecraft:stick":5,"minecraft:iron_block":1,"mmorpg:potion/health/0":2,"illagerinvasion:platinum_chunk":5,"minecraft:nether_gold_ore":1,"minecraft:torch":10,"minecraft:nether_wart_block":1,"minecraft:melon_slice":1,"minecraft:brown_wool":1,"cte_essentials:plate_1_chestplate":2,"minecraft:iron_leggings":1,"minecraft:iron_axe":3,"minecraft:dandelion":1,"mmorpg:rare_mats/salvaging/medium":1,"cte_essentials:leather_1_helmet":2,"alexsmobs:maggot":1,"mmorpg:rare_mats/mining/lesser":2,"minecraft:coarse_dirt":122,"minecraft:tuff":1,"minecraft:raw_iron":3,"mmorpg:runes/nos":2,"alexsmobs:falconry_glove":2,"mmorpg:jewelry/necklace/iron":2,"minecraft:glass_pane":12,"cte_essentials:cloth_1_helmet":2,"securitycraft:universal_block_remover":1,"mmorpg:currency/orb_of_quality":2,"farmersdelight:flint_knife":5,"minecraft:shield":5,"mmorpg:gems/ruby/0":3,"minecraft:oak_button":10,"minecraft:diamond_chestplate":2,"minecraft:iron_chestplate":1,"minecraft:andesite":22,"minecraft:oak_sapling":2,"minecraft:golden_sword":1,"minecraft:diamond_boots":2,"minecraft:stripped_warped_stem":2,"mmorpg:jewelry/ring/iron":1,"minecraft:wooden_pickaxe":1,"minecraft:raw_gold":1,"securitycraft:universal_block_reinforcer_lvl1":1,"minecraft:magma_cream":11,"minecraft:nautilus_shell":1,"stalwart_dungeons:wooden_hammer":8,"chococraft:gysahl_green":15,"mmorpg:skill_gems/aura/str":4,"cte_essentials:leather_0_leggings":1,"sophisticatedbackpacks:iron_backpack":1},"minecraft:picked_up":{"minecraft:wooden_axe":2,"mmorpg:gems/sapphire/0":3,"mmorpg:rare_mats/salvaging/medium":1,"minecraft:enchanted_book":4,"mmorpg:gems/sapphire/1":1,"minecraft:golden_sword":1,"cte_essentials:plate_0_helmet":5,"paraglider:goddess_statue":1,"minecraft:string":45,"minecraft:soul_soil":9,"minecraft:diamond_leggings":3,"minecraft:gold_nugget":1,"minecraft:cobbled_deepslate":34,"mmorpg:gems/tourmaline/0":2,"minecraft:spruce_planks":10,"minecraft:melon_slice":32,"mmorpg:gems/amethyst/0":8,"wstweaks:fragment":6,"mmorpg:runes/dos":1,"minecraft:golden_helmet":1,"mmorpg:gems/emerald/0":1,"mmorpg:jewelry/necklace/iron":2,"cte_essentials:plate_0_leggings":1,"aquamirae:esca":6,"minecraft:green_terracotta":1,"mutantmonsters:mutant_skeleton_pelvis":2,"iceandfire:armor_silver_metal_boots":1,"minecraft:stone_sword":3,"cte_essentials:plate_2_chestplate":4,"farmersdelight:onion":350,"create:ochrum":1,"minecraft:iron_block":13,"cte_essentials:cloth_1_leggings":1,"supplementaries:ash":2,"minecraft:waxed_cut_copper":5,"minecraft:blaze_rod":2,"mmorpg:rare_mats/farming/greater":1,"minecraft:iron_bars":2,"minecraft:snowball":37,"minecraft:magma_block":72,"minecraft:feather":6,"stalwart_dungeons:wooden_hammer":15,"minecraft:jungle_log":7,"cte_essentials:leather_1_helmet":2,"minecraft:brown_wool":1,"minecraft:smoker":2,"minecraft:flint":1,"minecraft:lantern":1,"securitycraft:reinforced_stone_button":8,"minecraft:chipped_anvil":1,"ftbquests:book":1,"cte_essentials:plate_1_chestplate":2,"minecraft:diamond_helmet":5,"minecraft:glowstone_dust":3,"minecraft:moss_block":1,"cte_essentials:leather_2_leggings":1,"mmorpg:potion/health/0":2,"mmorpg:skill_gems/support/str":4,"cte_essentials:plate_0_chestplate":3,"mmorpg:offhand/tome/wood":5,"cte_essentials:leather_0_boots":1,"iceandfire:dragonscales_sapphire":5,"minecraft:lime_terracotta":8,"alexsmobs:falconry_glove":2,"iceandfire:shiny_scales":7,"sophisticatedbackpacks:iron_backpack":2,"aquamirae:music_disc_horizon":1,"mmorpg:rare_mats/mining/greater":1,"minecraft:deepslate":10,"mmorpg:gems/ruby/0":3,"mmorpg:rare_mats/mining/lesser":8,"minecraft:bread":1,"alexsmobs:maggot":1,"minecraft:rooted_dirt":2,"iceandfire:gorgon_head":1,"mmorpg:skill_gems/aura/int":4,"iceandfire:raw_silver":2,"minecraft:diamond_pickaxe":1,"mmorpg:gems/topaz/1":1,"minecraft:coarse_dirt":107,"minecraft:crafting_table":9,"iceandfire:witherbone":5,"minecraft:nether_wart":71,"minecraft:leather_leggings":1,"mmorpg:skill_gems/aura/str":3,"cte_essentials:cloth_0_leggings":20,"iceandfire:dragonegg_silver":1,"minecraft:red_bed":4,"create:scorchia":7,"minecraft:iron_shovel":1,"minecraft:glass_pane":12,"minecraft:netherite_sword":2,"minecraft:beef":14,"cte_essentials:cloth_0_helmet":8,"minecraft:spruce_slab":2,"minecraft:chest":1,"minecraft:egg":4,"mmorpg:skill_gems/support/dex":4,"minecraft:stone":96,"cte_essentials:cloth_0_chestplate":1,"minecraft:spruce_fence":1,"cte_essentials:leather_0_chestplate":3,"minecraft:carrot":1,"mmorpg:skill_gems/support/int":6,"minecraft:redstone":70,"minecraft:netherite_pickaxe":2,"iceandfire:dragon_skull_ice":1,"minecraft:diamond_chestplate":4,"minecraft:decorated_pot":2,"aquamirae:sea_stew":1,"minecraft:hay_block":8,"minecraft:diamond_boots":6,"farmersdelight:hamburger":1,"minecraft:yellow_terracotta":10,"minecraft:gold_ingot":2,"minecraft:glow_berries":7,"minecraft:mutton":1,"minecraft:white_wool":3,"minecraft:bone_block":18,"minecraft:lapis_ore":3,"iceandfire:sea_serpent_fang":9,"doggytalents:rice_grains":19,"waystones:sandy_waystone":3,"minecraft:oak_log":29,"mutantmonsters:mutant_skeleton_limb":13,"farmersdelight:flint_knife":6,"minecraft:white_banner":1,"chococraft:chocobo_feather":1,"chococraft:gysahl_green":23,"mmorpg:rare_mats/farming/lesser":1,"cte_essentials:cloth_2_boots":1,"minecraft:iron_ore":18,"minecraft:glass_bottle":22,"lightmanscurrency:coin_iron":114,"minecraft:iron_sword":1,"minecraft:cracked_nether_bricks":1,"minecraft:gravel":2,"mmorpg:stat_soul":26,"minecraft:spruce_log":3,"lightmanscurrency:coin_copper":561,"minecraft:coal_ore":25,"minecraft:stone_axe":5,"lightmanscurrency:coin_gold":6,"mmorpg:jewelry/necklace/gold":1,"iceandfire:ice_dragon_flesh":4,"minecraft:oak_button":10,"cte_essentials:leather_1_chestplate":1,"minecraft:melon_seeds":2,"minecraft:crimson_nylium":6,"minecraft:hopper":1,"minecraft:ender_pearl":15,"mmorpg:currency/orb_of_quality":2,"minecraft:wheat":2,"illagerinvasion:platinum_chunk":6,"cte_essentials:plate_2_helmet":1,"mmorpg:skill_gems/aura/dex":3,"minecraft:raw_copper":14,"mutantmonsters:mutant_skeleton_skull":2,"aquamirae:pirate_pouch":1,"minecraft:iron_leggings":1,"minecraft:smooth_stone":1,"minecraft:eye_armor_trim_smithing_template":3,"minecraft:white_tulip":1,"minecraft:iron_pickaxe":1,"alexsmobs:raccoon_tail":1,"minecraft:iron_boots":1,"minecraft:stick":18,"minecraft:torch":122,"minecraft:spruce_stairs":3,"minecraft:porkchop":4,"minecraft:pointed_dripstone":2,"minecraft:vine":8,"cte_essentials:cloth_0_boots":1,"minecraft:nether_gold_ore":1,"minecraft:rotten_flesh":135,"create:asurine":21,"create:veridium":39,"mmorpg:runes/ita":1,"minecraft:obsidian":2,"minecraft:cobblestone":341,"minecraft:nautilus_shell":1,"minecraft:magma_cream":3,"cte_essentials:leather_1_leggings":1,"minecraft:andesite":32,"cte_essentials:leather_0_helmet":1,"mmorpg:gems/azurite/0":1,"minecraft:potato":1,"create:raw_zinc":31,"minecraft:tuff":1,"alexsmobs:rocky_shell":1,"cte_essentials:cloth_4_chestplate":1,"minecraft:lapis_lazuli":162,"minecraft:dirt":448,"minecraft:leather_boots":1,"minecraft:glass":1,"minecraft:bone":113,"farmersdelight:iron_knife":6,"minecraft:bow":3,"minecraft:wheat_seeds":12,"stalwart_dungeons:iron_hammer":2,"minecraft:raw_gold":17,"minecraft:netherite_axe":1,"minecraft:bamboo":7,"minecraft:oak_planks":32,"minecraft:jungle_planks":84,"minecraft:sand":36,"minecraft:grass_block":4,"minecraft:spectral_arrow":12,"cte_essentials:stone_block_0":2,"minecraft:diamond":124,"minecraft:slime_block":2,"minecraft:cracked_polished_blackstone_bricks":29,"minecraft:crossbow":6,"minecraft:white_concrete":1,"minecraft:emerald":105,"iceandfire:tide_trident":1,"minecraft:oak_sapling":3,"minecraft:netherrack":681,"minecraft:chorus_fruit":8,"iceandfire:silver_nugget":16,"nethersdelight:hoglin_loin":7,"minecraft:chicken":2,"mmorpg:jewelry/ring/iron":6,"iceandfire:frozen_cobblestone":10,"minecraft:chain":4,"minecraft:shield":6,"iceandfire:frozen_stone":9,"minecraft:iron_axe":3,"minecraft:wooden_sword":7,"minecraft:blackstone":26,"farmersdelight:straw":1,"mmorpg:stone/0":31,"cte_essentials:plate_1_helmet":1,"minecraft:sugar_cane":2,"minecraft:phantom_membrane":1,"minecraft:raw_iron":117,"iceandfire:dragonbone":22,"minecraft:copper_ingot":1,"cte_essentials:leather_0_leggings":1,"minecraft:note_block":1,"minecraft:polished_blackstone_bricks":47,"mmorpg:currency/affix_tier_up_down":2,"minecraft:trident":28,"mmorpg:runes/nos":1,"minecraft:dark_oak_planks":1,"supplementaries:sign_post_oak":1,"iceandfire:sea_serpent_scales_purple":41,"minecraft:arrow":127,"minecraft:nether_bricks":10,"mutantmonsters:mutant_skeleton_rib":7,"paraglider:horned_statue":3,"minecraft:jungle_boat":5,"minecraft:air":0,"minecraft:basalt":4,"minecraft:glow_ink_sac":9,"minecraft:leather":8,"minecraft:birch_planks":2,"chococraft:chocobo_saddle":1,"minecraft:nether_wart_block":1,"securitycraft:keypad_chest":1,"minecraft:gunpowder":36,"minecraft:coast_armor_trim_smithing_template":3,"blue_skies:cooked_grittle_flatfish":1,"minecraft:iron_ingot":32,"cte_essentials:leather_2_helmet":3,"minecraft:soul_sand":1,"minecraft:book":52,"minecraft:nether_quartz_ore":96,"minecraft:quartz":111,"minecraft:dandelion":1,"chococraft:gysahl_green_seeds":1,"mmorpg:weapon/staff/wood":11,"minecraft:white_bed":1,"minecraft:gold_ore":5,"minecraft:spider_eye":11,"cte_essentials:plate_1_leggings":15,"iceandfire:sea_serpent_scales_red":5,"minecraft:coal":89},"minecraft:used":{"minecraft:chest":4,"minecraft:stone":82,"lootr:trophy":1,"securitycraft:keypad_item":1,"minecraft:snowball":3,"minecraft:lava_bucket":3,"minecraft:grass_block":1,"minecraft:furnace":1,"minecraft:egg":2,"minecraft:blackstone":21,"iceandfire:dragonbone_sword_ice":22,"minecraft:wooden_pickaxe":11,"minecraft:jungle_boat":7,"minecraft:glow_berries":3,"securitycraft:universal_block_remover":1,"minecraft:wooden_sword":30,"waystones:sandy_waystone":3,"minecraft:netherrack":383,"minecraft:torch":172,"minecraft:anvil":1,"minecraft:nether_quartz_ore":112,"aquamirae:esca":2,"minecraft:chipped_anvil":1,"minecraft:iron_axe":272,"minecraft:slime_block":12,"minecraft:diamond_chestplate":1,"minecraft:basalt":4,"minecraft:cobbled_deepslate":3,"minecraft:gold_ore":5,"minecraft:polished_blackstone_bricks":28,"minecraft:crafting_table":17,"minecraft:red_bed":4,"minecraft:campfire":1,"minecraft:diamond_pickaxe":1502,"minecraft:iron_pickaxe":679,"minecraft:cobblestone":2,"iceandfire:tide_trident":3,"stalwart_dungeons:iron_hammer":46,"minecraft:iron_shovel":178,"create:scorchia":7,"minecraft:diamond_hoe":8,"minecraft:shield":3,"minecraft:iron_sword":19,"minecraft:jungle_planks":73,"minecraft:nether_bricks":6,"minecraft:carrot":15,"minecraft:obsidian":7,"minecraft:glass":5,"minecraft:coal_ore":23,"minecraft:magma_block":2,"stalwart_dungeons:wooden_hammer":30,"cte_essentials:plate_2_helmet":2,"minecraft:stone_pickaxe":25,"minecraft:oak_planks":32,"minecraft:ender_pearl":6,"minecraft:yellow_terracotta":4,"cte_essentials:cloth_1_helmet":1,"minecraft:note_block":1,"minecraft:melon_slice":30,"minecraft:bread":1,"create:asurine":1,"minecraft:grindstone":1,"minecraft:andesite":2,"minecraft:chain":4,"securitycraft:briefcase":5,"minecraft:white_concrete":1,"minecraft:coarse_dirt":49,"minecraft:experience_bottle":1,"minecraft:trident":1153,"aquamirae:sea_stew":1,"minecraft:spruce_planks":8,"minecraft:dirt":307,"paraglider:horned_statue":4,"minecraft:golden_carrot":4,"minecraft:netherite_pickaxe":231,"minecraft:cooked_beef":5,"minecraft:iron_leggings":1,"minecraft:cooked_mutton":16,"minecraft:iron_ore":18,"farmersdelight:onion":76,"minecraft:music_disc_cat":1,"minecraft:cracked_polished_blackstone_bricks":27,"minecraft:lapis_ore":3,"minecraft:cracked_nether_bricks":1,"minecraft:stone_axe":20,"minecraft:fishing_rod":1,"minecraft:white_banner":1,"minecraft:bucket":4,"minecraft:smooth_stone":14},"minecraft:custom":{"minecraft:dexterity":19,"minecraft:interact_with_crafting_table":80,"minecraft:open_barrel":1,"minecraft:leave_game":20,"minecraft:time_since_death":1351,"minecraft:damage_blocked_by_shield":21,"minecraft:play_time":626170,"minecraft:deaths":57,"minecraft:jump":11140,"minecraft:enchant_item":6,"minecraft:interact_with_furnace":48,"minecraft:intelligence":5,"minecraft:play_record":1,"minecraft:sleep_in_bed":6,"minecraft:waystone_activated":7,"minecraft:damage_dealt":95354,"minecraft:interact_with_smithing_table":6,"minecraft:interact_with_anvil":5,"minecraft:inspect_hopper":4,"minecraft:mana":180,"minecraft:magic_shield":0,"minecraft:damage_dealt_absorbed":93,"minecraft:sneak_time":21490,"minecraft:interact_with_lectern":1,"minecraft:total_world_time":626170,"minecraft:move_speed":0,"minecraft:tune_noteblock":8,"minecraft:time_since_rest":1381,"minecraft:swim_one_cm":153204,"minecraft:fly_one_cm":2099457,"minecraft:open_chest":297,"minecraft:fall_one_cm":363702,"minecraft:blood":0,"lootr:looted_stat":136,"minecraft:damage_resisted":78,"minecraft:sprint_one_cm":1419710,"minecraft:drop":579,"minecraft:health":546,"minecraft:play_noteblock":2,"minecraft:talked_to_villager":2,"minecraft:energy":180,"minecraft:walk_on_water_one_cm":63410,"minecraft:levels_gained":14,"minecraft:crouch_one_cm":84893,"minecraft:mob_kills":500,"minecraft:damage_dealt_resisted":237,"minecraft:climb_one_cm":35288,"minecraft:walk_one_cm":1650323,"minecraft:walk_under_water_one_cm":72178,"minecraft:interact_with_grindstone":7,"minecraft:damage_taken":2147483647,"minecraft:damage_absorbed":2147483647,"minecraft:strength":21},"minecraft:broken":{"cte_essentials:cloth_0_leggings":1,"cte_essentials:leather_1_chestplate":1,"minecraft:diamond_helmet":1,"minecraft:iron_boots":1,"cte_essentials:plate_0_chestplate":1,"cte_essentials:leather_2_helmet":1,"minecraft:diamond_leggings":1,"cte_essentials:plate_1_helmet":1,"minecraft:iron_pickaxe":4,"cte_essentials:cloth_0_boots":1,"cte_essentials:plate_0_helmet":2,"minecraft:diamond_boots":1,"cte_essentials:plate_1_leggings":1,"cte_essentials:leather_0_helmet":2,"cte_essentials:leather_1_leggings":1,"minecraft:diamond_chestplate":1,"minecraft:trident":2,"cte_essentials:plate_2_chestplate":1,"stalwart_dungeons:wooden_hammer":1,"cte_essentials:cloth_2_boots":1}},"DataVersion":3465}